-- phpMyAdmin SQL Dump
-- version 5.2.1
-- https://www.phpmyadmin.net/
--
-- Servidor: localhost:3306
-- Tiempo de generación: 04-11-2023 a las 09:00:29
-- Versión del servidor: 10.6.15-MariaDB-cll-lve
-- Versión de PHP: 8.1.16

SET SQL_MODE = "NO_AUTO_VALUE_ON_ZERO";
START TRANSACTION;
SET time_zone = "+00:00";


/*!40101 SET @OLD_CHARACTER_SET_CLIENT=@@CHARACTER_SET_CLIENT */;
/*!40101 SET @OLD_CHARACTER_SET_RESULTS=@@CHARACTER_SET_RESULTS */;
/*!40101 SET @OLD_COLLATION_CONNECTION=@@COLLATION_CONNECTION */;
/*!40101 SET NAMES utf8mb4 */;

--
-- Base de datos: `aldidacom_sical`
--

-- --------------------------------------------------------

--
-- Estructura de tabla para la tabla `aplicaciones`
--

CREATE TABLE `aplicaciones` (
  `id` bigint(20) UNSIGNED NOT NULL,
  `nombre_aplicacion` varchar(120) DEFAULT NULL,
  `abreviatura` varchar(120) DEFAULT NULL,
  `descripcion_aplicacion` varchar(120) DEFAULT NULL,
  `user_administrador` varchar(4) DEFAULT NULL,
  `valor1` varchar(100) DEFAULT NULL,
  `valor2` varchar(100) DEFAULT NULL,
  `valor3` varchar(100) DEFAULT NULL,
  `valor4` varchar(100) DEFAULT NULL,
  `valor5` varchar(100) DEFAULT NULL,
  `valor6` varchar(100) DEFAULT NULL,
  `estado` varchar(2) DEFAULT 'AC'
) ENGINE=InnoDB DEFAULT CHARSET=utf8mb4 COLLATE=utf8mb4_general_ci;

--
-- Volcado de datos para la tabla `aplicaciones`
--

INSERT INTO `aplicaciones` (`id`, `nombre_aplicacion`, `abreviatura`, `descripcion_aplicacion`, `user_administrador`, `valor1`, `valor2`, `valor3`, `valor4`, `valor5`, `valor6`, `estado`) VALUES
(1, 'SISTEMA DE CONTROL DE ALMACENES', 'SICAL', 'SISTEMA DE GESTION DE ALMACEN', 'SI', NULL, NULL, NULL, NULL, NULL, NULL, 'AC');

-- --------------------------------------------------------

--
-- Estructura de tabla para la tabla `categorias`
--

CREATE TABLE `categorias` (
  `id` bigint(20) UNSIGNED NOT NULL,
  `codigo` varchar(10) DEFAULT NULL,
  `descripcion` varchar(250) DEFAULT NULL,
  `nivel` int(11) DEFAULT NULL,
  `padre` int(11) DEFAULT NULL,
  `ruta` varchar(30) DEFAULT NULL,
  `hijos` varchar(30) DEFAULT NULL,
  `fecha_registro` datetime DEFAULT current_timestamp(),
  `fecha_modificacion` datetime DEFAULT NULL,
  `estado` varchar(2) DEFAULT 'AC',
  `sigla` varchar(5) DEFAULT NULL
) ENGINE=InnoDB DEFAULT CHARSET=utf8mb4 COLLATE=utf8mb4_general_ci;

--
-- Volcado de datos para la tabla `categorias`
--

INSERT INTO `categorias` (`id`, `codigo`, `descripcion`, `nivel`, `padre`, `ruta`, `hijos`, `fecha_registro`, `fecha_modificacion`, `estado`, `sigla`) VALUES
(1, '31000', 'ALIMENTOS Y PRODUCTOS AGROFORESTALES', 1, 0, '0', '1', '2023-04-16 17:20:52', NULL, 'AC', ''),
(2, '34000', 'COMBUSTIBLES, PRODUCTOS QUIMICOS, FARMACEUTICOS Y OTROS', 1, 0, '0', '1', '2023-04-16 17:20:52', NULL, 'AC', ''),
(3, '32000', 'PRODUCTOS DE PAPEL, CARTÓN E IMPRESOS', 1, 0, '0', '1', '2023-04-16 17:20:52', NULL, 'AC', ''),
(4, '39000', 'PRODUCTOS VARIOS', 1, 0, '0', '1', '2023-04-16 17:20:52', NULL, 'AC', ''),
(5, '33000', 'TEXTILES Y VESTUARIO', 1, 0, '0', '1', '2023-04-16 17:20:52', NULL, 'AC', ''),
(6, '31200', 'ALIMENTOS PARA ANIMALES ', 2, 1, '1', '1', '2023-04-16 17:20:52', NULL, 'AC', 'AA'),
(7, '31100', 'ALIMENTOS Y BEBIDAS PARA PERSONAS, DESAYUNO ESCOLAR Y OTRAS ', 2, 1, '1', '1', '2023-04-16 17:20:52', NULL, 'AC', 'AB'),
(8, '31300', 'PRODUCTOS AGRICOLAS, PECUARIOS Y FORESTALES ', 2, 1, '1', '1', '2023-04-16 17:20:52', NULL, 'AC', 'PA'),
(9, '34100', 'COMBUSTIBLES, LUBRICANTES Y DERIVADOS ', 2, 2, '2', '1', '2023-04-16 17:20:52', NULL, 'AC', 'CL'),
(10, '34800', 'HERRAMIENTAS MENORES ', 2, 2, '2', '1', '2023-04-16 17:20:52', NULL, 'AC', 'HM'),
(11, '34300', 'LLANTAS Y NEUMATICOS ', 2, 2, '2', '1', '2023-04-16 17:20:52', NULL, 'AC', 'LN'),
(12, '34700', 'MINERALES ', 2, 2, '2', '1', '2023-04-16 17:20:52', NULL, 'AC', 'MI'),
(13, '34400', 'PRODUCTOS DE CUERO Y CAUCHO ', 2, 2, '2', '1', '2023-04-16 17:20:52', NULL, 'AC', 'PC'),
(14, '34500', 'PRODUCTOS DE MINERALES NO METÁLICOS Y PLÁSTICOS ', 2, 2, '2', '1', '2023-04-16 17:20:52', NULL, 'AC', 'NM'),
(15, '34600', 'PRODUCTOS METÁLICOS ', 2, 2, '2', '1', '2023-04-16 17:20:52', NULL, 'AC', 'PM'),
(16, '34200', 'PRODUCTOS QUÍMICOS Y FARMACÉUTICOS ', 2, 2, '2', '1', '2023-04-16 17:20:52', NULL, 'AC', 'PQ'),
(17, '32300', 'LIBROS Y REVISTAS ', 2, 3, '3', '1', '2023-04-16 17:20:52', NULL, 'AC', 'LR'),
(18, '32100', 'PAPEL DE ESCRITORIO ', 2, 3, '3', '1', '2023-04-16 17:20:52', NULL, 'AC', 'PE'),
(19, '32500', 'PERIODICOS Y  BOLITINES, INCLUYE GACETAS OFICIALES ', 2, 3, '3', '1', '2023-04-16 17:20:52', NULL, 'AC', 'PP'),
(20, '32200', 'PRODUCTOS DE ARTES GRAFICAS, PAPEL Y CARTON ', 2, 3, '3', '1', '2023-04-16 17:20:52', NULL, 'AC', 'PG'),
(21, '32400', 'TEXTOS DE ENSEÑANZA ', 2, 3, '3', '1', '2023-04-16 17:20:52', NULL, 'AC', 'TE'),
(22, '39400', 'INSTRUMENTAL MENOR MÉDICO - QUIRÚRGICO ', 2, 4, '4', '1', '2023-04-16 17:20:52', NULL, 'AC', 'IM'),
(23, '39100', 'MATERIAL DE LIMPIEZA ', 2, 4, '4', '1', '2023-04-16 17:20:52', NULL, 'AC', 'ML'),
(24, '39200', 'MATERIAL DEPORTIVO Y RECREATIVO ', 2, 4, '4', '1', '2023-04-16 17:20:52', NULL, 'AC', 'MD'),
(25, '39900', 'OTROS MATERIALES Y SUMINISTROS ', 2, 4, '4', '1', '2023-04-16 17:20:52', NULL, 'AC', 'OS'),
(26, '39800', 'OTROS REPUESTOS Y ACCESORIOS ', 2, 4, '4', '1', '2023-04-16 17:20:52', NULL, 'AC', 'OR'),
(27, '39300', 'UTENSILIOS DE COCINA Y COMEDOR ', 2, 4, '4', '1', '2023-04-16 17:20:52', NULL, 'AC', 'UC'),
(28, '39500', 'ÚTILES DE ESCRITORIO Y OFICINA ', 2, 4, '4', '1', '2023-04-16 17:20:52', NULL, 'AC', 'UE'),
(29, '39600', 'ÚTILES EDUCACIONALES, CULTURALES Y DE CAPACITACIÓN ', 2, 4, '4', '1', '2023-04-16 17:20:52', NULL, 'AC', 'EC'),
(30, '39700', 'ÚTILES Y MATERIALES ELÉCTRICOS ', 2, 4, '4', '1', '2023-04-16 17:20:52', NULL, 'AC', 'ME'),
(31, '33400', 'CALZADOS ', 2, 5, '5', '1', '2023-04-16 17:20:52', NULL, 'AC', 'CZ'),
(32, '33200', 'CONFECCIONES TEXTILES ', 2, 5, '5', '1', '2023-04-16 17:20:52', NULL, 'AC', 'CT'),
(33, '33100', 'HILADOS Y TELAS ', 2, 5, '5', '1', '2023-04-16 17:20:52', NULL, 'AC', 'HT'),
(34, '33300', 'PRENDAS DE VESTIR ', 2, 5, '5', '1', '2023-04-16 17:20:52', NULL, 'AC', 'PV'),
(35, '31100-1', 'AGUA', 3, 7, '1-7', '0', '2023-04-16 17:20:52', NULL, 'AC', 'AB'),
(36, '31100-2', 'AZUCAR', 3, 7, '1-7', '0', '2023-04-16 17:20:52', NULL, 'AC', 'AB'),
(37, '31100-3', 'CAFE', 3, 7, '1-7', '0', '2023-04-16 17:20:52', NULL, 'AC', 'AB'),
(38, '31100-4', 'GASEOSA', 3, 7, '1-7', '0', '2023-04-16 17:20:52', NULL, 'AC', 'AB'),
(39, '31100-5', 'LECHE', 3, 7, '1-7', '0', '2023-04-16 17:20:52', NULL, 'AC', 'AB'),
(40, '31100-6', 'MATE', 3, 7, '1-7', '1', '2023-04-16 17:20:52', NULL, 'AC', 'AB'),
(41, '31100-7', 'TE', 3, 7, '1-7', '0', '2023-04-16 17:20:52', NULL, 'AC', 'AB'),
(42, '31300-1', 'ATADO', 3, 8, '1-8', '0', '2023-04-16 17:20:52', NULL, 'AC', 'PA'),
(43, '31300-2', 'FORMICA', 3, 8, '1-8', '1', '2023-04-16 17:20:52', NULL, 'AC', 'PA'),
(44, '31300-3', 'LAMINA DE CORCHO', 3, 8, '1-8', '0', '2023-04-16 17:20:52', NULL, 'AC', 'PA'),
(45, '31300-4', 'LISTON', 3, 8, '1-8', '0', '2023-04-16 17:20:52', NULL, 'AC', 'PA'),
(46, '31300-5', 'MADERA', 3, 8, '1-8', '1', '2023-04-16 17:20:52', NULL, 'AC', 'PA'),
(47, '32100-1', 'CARTULINA', 3, 18, '3-18', '0', '2023-04-16 17:20:52', NULL, 'AC', 'PE'),
(48, '32100-2', 'CUADERNILLO', 3, 18, '3-18', '0', '2023-04-16 17:20:52', NULL, 'AC', 'PE'),
(49, '32100-3', 'FORMUALRIO', 3, 18, '3-18', '0', '2023-04-16 17:20:52', NULL, 'AC', 'PE'),
(50, '32100-4', 'PAPEL TRAPPER  ', 3, 18, '3-18', '1', '2023-04-16 17:20:52', NULL, 'AC', 'PE'),
(51, '32100-5', 'HOJA DE TRABAJO', 3, 18, '3-18', '0', '2023-04-16 17:20:52', NULL, 'AC', 'PE'),
(52, '32100-6', 'PAPEL', 3, 18, '3-18', '1', '2023-04-16 17:20:52', NULL, 'AC', 'PE'),
(53, '32100-7', 'PAPEL AFELPADO ', 3, 18, '3-18', '0', '2023-04-16 17:20:52', NULL, 'AC', 'PE'),
(54, '32100-8', 'PAPEL ARAÑA', 3, 18, '3-18', '0', '2023-04-16 17:20:52', NULL, 'AC', 'PE'),
(56, '32100-10', 'PAPEL CARBONICO', 3, 18, '3-18', '1', '2023-04-16 17:20:52', NULL, 'AC', 'PE'),
(57, '32100-11', 'PAPEL CONTINUO', 3, 18, '3-18', '1', '2023-04-16 17:20:52', NULL, 'AC', 'PE'),
(58, '32100-12', 'PAPEL COPIA', 3, 18, '3-18', '0', '2023-04-16 17:20:52', NULL, 'AC', 'PE'),
(59, '32100-13', 'PAPEL COUCHE', 3, 18, '3-18', '0', '2023-04-16 17:20:52', NULL, 'AC', 'PE'),
(60, '32100-14', 'PAPEL DE COLOR', 3, 18, '3-18', '1', '2023-04-16 17:20:52', NULL, 'AC', 'PE'),
(61, '32100-15', 'PAPEL SEGURIDAD', 3, 18, '3-18', '1', '2023-04-16 17:20:52', NULL, 'AC', 'PE'),
(62, '32100-16', 'PAPEL FOTOGRAFICO', 3, 18, '3-18', '0', '2023-04-16 17:20:52', NULL, 'AC', 'PE'),
(63, '32100-17', 'PAPEL GRAPA', 3, 18, '3-18', '0', '2023-04-16 17:20:52', NULL, 'AC', 'PE'),
(64, '32100-18', 'PAPEL KRAFT', 3, 18, '3-18', '0', '2023-04-16 17:20:52', NULL, 'AC', 'PE'),
(65, '32100-19', 'PAPEL LEDGER', 3, 18, '3-18', '0', '2023-04-16 17:20:52', NULL, 'AC', 'PE'),
(66, '32100-20', 'PAPEL MARQUILLA', 3, 18, '3-18', '0', '2023-04-16 17:20:52', NULL, 'AC', 'PE'),
(68, '32100-22', 'PAPEL NUBE ', 3, 18, '3-18', '0', '2023-04-16 17:20:52', NULL, 'AC', 'PE'),
(69, '32100-23', 'PAPEL FAX', 3, 18, '3-18', '1', '2023-04-16 17:20:52', NULL, 'AC', 'PE'),
(70, '32100-24', 'PAPEL PARA CALCULADORA', 3, 18, '3-18', '0', '2023-04-16 17:20:52', NULL, 'AC', 'PE'),
(71, '32100-25', 'PAPEL VARIOS', 3, 18, '3-18', '1', '2023-04-16 17:20:52', NULL, 'AC', 'PE'),
(72, '32100-26', 'PAPEL QUIMICO', 3, 18, '3-18', '1', '2023-04-16 17:20:52', NULL, 'AC', 'PE'),
(73, '32100-27', 'PAPEL SABANA', 3, 18, '3-18', '0', '2023-04-16 17:20:52', NULL, 'AC', 'PE'),
(74, '32100-28', 'PAPEL TERMICO', 3, 18, '3-18', '1', '2023-04-16 17:20:52', NULL, 'AC', 'PE'),
(75, '32100-29', 'PAPEL TERMICO FAX', 3, 18, '3-18', '0', '2023-04-16 17:20:52', NULL, 'AC', 'PE'),
(76, '32100-30', 'PAPEL TRANSPARENTE', 3, 18, '3-18', '0', '2023-04-16 17:20:52', NULL, 'AC', 'PE'),
(77, '32100-31', 'PAPEL VEGETAL', 3, 18, '3-18', '0', '2023-04-16 17:20:52', NULL, 'AC', 'PE'),
(78, '32100-32', 'PORTA REVISTAS', 3, 18, '3-18', '0', '2023-04-16 17:20:52', NULL, 'AC', 'PE'),
(79, '32100-33', 'SOBRE', 3, 18, '3-18', '0', '2023-04-16 17:20:52', NULL, 'AC', 'PE'),
(80, '32100-34', 'TACO POST IT', 3, 18, '3-18', '0', '2023-04-16 17:20:52', NULL, 'AC', 'PE'),
(81, '32100-35', 'VINIL', 3, 18, '3-18', '0', '2023-04-16 17:20:52', NULL, 'AC', 'PE'),
(83, '32200-2', 'BANNER', 3, 20, '3-20', '0', '2023-04-16 17:20:52', NULL, 'AC', 'PG'),
(84, '32200-3', 'CARTON CORRUGADO', 3, 20, '3-20', '1', '2023-04-16 17:20:52', NULL, 'AC', 'PG'),
(85, '32200-4', 'BOLETA DE PAGO', 3, 20, '3-20', '0', '2023-04-16 17:20:52', NULL, 'AC', 'PG'),
(86, '32200-5', 'CAJA DE ARCHIVO', 3, 20, '3-20', '1', '2023-04-16 17:20:52', NULL, 'AC', 'PG'),
(88, '32200-7', 'CARTILLA', 3, 20, '3-20', '0', '2023-04-16 17:20:52', NULL, 'AC', 'PG'),
(89, '32200-8', 'CARTON REFILADO', 3, 20, '3-20', '1', '2023-04-16 17:20:52', NULL, 'AC', 'PG'),
(90, '32200-9', 'CARTULINA', 3, 20, '3-20', '1', '2023-04-16 17:20:52', NULL, 'AC', 'PG'),
(91, '32200-10', 'CERTIFICADO', 3, 20, '3-20', '0', '2023-04-16 17:20:52', NULL, 'AC', 'PG'),
(92, '32200-11', 'CREDENCIAL', 3, 20, '3-20', '0', '2023-04-16 17:20:52', NULL, 'AC', 'PG'),
(94, '32200-13', 'CUATRIPTICO', 3, 20, '3-20', '0', '2023-04-16 17:20:52', NULL, 'AC', 'PG'),
(95, '32200-14', 'CUPONES DE GASOLINA', 3, 20, '3-20', '0', '2023-04-16 17:20:52', NULL, 'AC', 'PG'),
(96, '32200-15', 'ESTIKERS AUTOADHESIVO', 3, 20, '3-20', '1', '2023-04-16 17:20:52', NULL, 'AC', 'PG'),
(97, '32200-16', 'FOLDER', 3, 20, '3-20', '1', '2023-04-16 17:20:52', NULL, 'AC', 'PG'),
(98, '32200-17', 'FORMULARIO', 3, 20, '3-20', '0', '2023-04-16 17:20:52', NULL, 'AC', 'PG'),
(99, '32200-18', 'HOJA DE TRABAJO', 3, 20, '3-20', '1', '2023-04-16 17:20:52', NULL, 'AC', 'PG'),
(100, '32200-19', 'KARDEX', 3, 20, '3-20', '1', '2023-04-16 17:20:52', NULL, 'AC', 'PG'),
(101, '32200-20', 'LIBRO', 3, 20, '3-20', '1', '2023-04-16 17:20:52', NULL, 'AC', 'PG'),
(103, '32200-22', 'PAPEL', 3, 20, '3-20', '1', '2023-04-16 17:20:52', NULL, 'AC', 'PG'),
(104, '32200-23', 'PASES DE VISITA', 3, 20, '3-20', '0', '2023-04-16 17:20:52', NULL, 'AC', 'PG'),
(105, '32200-24', 'POCKET', 3, 20, '3-20', '1', '2023-04-16 17:20:52', NULL, 'AC', 'PG'),
(107, '32200-26', 'RECIBO', 3, 20, '3-20', '0', '2023-04-16 17:20:52', NULL, 'AC', 'PG'),
(108, '32200-27', 'SOBRE PARA DISCO COMPACTO', 3, 20, '3-20', '1', '2023-04-16 17:20:52', NULL, 'AC', 'PG'),
(109, '32200-28', 'SOBRE', 3, 20, '3-20', '1', '2023-04-16 17:20:52', NULL, 'AC', 'PG'),
(110, '32200-29', 'STICKER', 3, 20, '3-20', '0', '2023-04-16 17:20:52', NULL, 'AC', 'PG'),
(111, '32200-30', 'TAPA', 3, 20, '3-20', '0', '2023-04-16 17:20:52', NULL, 'AC', 'PG'),
(112, '32200-31', 'TIMBRE CONSULAR', 3, 20, '3-20', '0', '2023-04-16 17:20:52', NULL, 'AC', 'PG'),
(113, '32200-32', 'TINTA PARA IMPRENTA', 3, 20, '3-20', '0', '2023-04-16 17:20:52', NULL, 'AC', 'PG'),
(114, '32300-1', 'LIBRO', 3, 17, '3-17', '1', '2023-04-16 17:20:52', NULL, 'AC', 'LR'),
(116, '32500-2', 'PERIODICO', 3, 19, '3-19', '1', '2023-04-16 17:20:52', NULL, 'AC', 'PP'),
(117, '33100-1', 'HILO', 3, 33, '5-33', '1', '2023-04-16 17:20:52', NULL, 'AC', 'HT'),
(118, '33100-2', 'PITA', 3, 33, '5-33', '1', '2023-04-16 17:20:52', NULL, 'AC', 'HT'),
(119, '33100-3', 'TELA', 3, 33, '5-33', '1', '2023-04-16 17:20:52', NULL, 'AC', 'HT'),
(120, '33200-1', 'ALFOMBRA Y TAPETE', 3, 32, '5-32', '1', '2023-04-16 17:20:52', NULL, 'AC', 'CT'),
(121, '33200-2', 'ALMOHADA', 3, 32, '5-32', '1', '2023-04-16 17:20:52', NULL, 'AC', 'CT'),
(122, '33200-3', 'BANDERA Y ESTANDARTE', 3, 32, '5-32', '1', '2023-04-16 17:20:52', NULL, 'AC', 'CT'),
(123, '33200-4', 'BOLSA', 3, 32, '5-32', '1', '2023-04-16 17:20:52', NULL, 'AC', 'CT'),
(124, '33200-5', 'CAMINO', 3, 32, '5-32', '0', '2023-04-16 17:20:52', NULL, 'AC', 'CT'),
(125, '33200-6', 'CARPA', 3, 32, '5-32', '1', '2023-04-16 17:20:52', NULL, 'AC', 'CT'),
(126, '33200-7', 'CENEFA', 3, 32, '5-32', '0', '2023-04-16 17:20:52', NULL, 'AC', 'CT'),
(127, '33200-8', 'COLCHON', 3, 32, '5-32', '1', '2023-04-16 17:20:52', NULL, 'AC', 'CT'),
(128, '33200-9', 'CORTINA Y  STOR', 3, 32, '5-32', '1', '2023-04-16 17:20:52', NULL, 'AC', 'CT'),
(129, '33200-10', 'FRAZADA', 3, 32, '5-32', '1', '2023-04-16 17:20:52', NULL, 'AC', 'CT'),
(130, '33200-11', 'JUEGO DE ROPA', 3, 32, '5-32', '1', '2023-04-16 17:20:52', NULL, 'AC', 'CT'),
(131, '33200-12', 'MANTEL', 3, 32, '5-32', '1', '2023-04-16 17:20:52', NULL, 'AC', 'CT'),
(132, '33200-13', 'PADDING', 3, 32, '5-32', '0', '2023-04-16 17:20:52', NULL, 'AC', 'CT'),
(133, '33200-14', 'TOALLA', 3, 32, '5-32', '0', '2023-04-16 17:20:52', NULL, 'AC', 'CT'),
(134, '33300-1', 'BARBIJO', 3, 34, '5-34', '1', '2023-04-16 17:20:52', NULL, 'AC', 'PV'),
(135, '33300-2', 'CONJUNTO DE TRABAJO', 3, 34, '5-34', '1', '2023-04-16 17:20:52', NULL, 'AC', 'PV'),
(136, '33300-3', 'FAJA LUMBAR', 3, 34, '5-34', '1', '2023-04-16 17:20:52', NULL, 'AC', 'PV'),
(137, '33300-4', 'GORRA DE PROTECCION', 3, 34, '5-34', '1', '2023-04-16 17:20:52', NULL, 'AC', 'PV'),
(138, '33300-5', 'GUANTE', 3, 34, '5-34', '1', '2023-04-16 17:20:52', NULL, 'AC', 'PV'),
(139, '33300-6', 'GUARDAPOLVO', 3, 34, '5-34', '1', '2023-04-16 17:20:52', NULL, 'AC', 'PV'),
(140, '33300-7', 'PANTALON', 3, 34, '5-34', '1', '2023-04-16 17:20:52', NULL, 'AC', 'PV'),
(141, '33300-8', 'PIJAMA DE USO MEDICO', 3, 34, '5-34', '1', '2023-04-16 17:20:52', NULL, 'AC', 'PV'),
(142, '33300-9', 'POLERA', 3, 34, '5-34', '1', '2023-04-16 17:20:52', NULL, 'AC', 'PV'),
(144, '33300-11', 'PORTAMANGA', 3, 34, '5-34', '1', '2023-04-16 17:20:52', NULL, 'AC', 'PV'),
(145, '33300-12', 'SACO Y CHAQUETA', 3, 34, '5-34', '1', '2023-04-16 17:20:52', NULL, 'AC', 'PV'),
(146, '33300-13', 'TOALLA DE MANO', 3, 34, '5-34', '0', '2023-04-16 17:20:52', NULL, 'AC', 'PV'),
(147, '33400-1', 'CALZADO', 3, 31, '5-31', '1', '2023-04-16 17:20:52', NULL, 'AC', 'CZ'),
(148, '34100-1', 'ACEITE LUBRICANTE', 3, 9, '2-9', '1', '2023-04-16 17:20:52', NULL, 'AC', 'CL'),
(149, '34100-2', 'CEMENTO', 3, 9, '2-9', '0', '2023-04-16 17:20:52', NULL, 'AC', 'CL'),
(150, '34110-3', 'COMBUSTIBLE', 3, 9, '2-9', '1', '2023-04-16 17:20:52', NULL, 'AC', 'CL'),
(151, '34100-4', 'GRASA', 3, 9, '2-9', '1', '2023-04-16 17:20:52', NULL, 'AC', 'CL'),
(152, '34100-5', 'LIMPIADOR MULTIUSO', 3, 9, '2-9', '0', '2023-04-16 17:20:52', NULL, 'AC', 'CL'),
(153, '34100-6', 'LIQUIDO', 3, 9, '2-9', '0', '2023-04-16 17:20:52', NULL, 'AC', 'CL'),
(154, '34100-7', 'REMOVEDOR', 3, 9, '2-9', '1', '2023-04-16 17:20:52', NULL, 'AC', 'CL'),
(155, '34100-8', 'RESTAURADOR DE GOMA', 3, 9, '2-9', '0', '2023-04-16 17:20:52', NULL, 'AC', 'CL'),
(156, '34200-1', 'ACEITE', 3, 16, '2-16', '1', '2023-04-16 17:20:52', NULL, 'AC', 'PQ'),
(157, '34200-2', 'ACIDO GRABADOR', 3, 16, '2-16', '1', '2023-04-16 17:20:52', NULL, 'AC', 'PQ'),
(158, '34200-3', 'ADHESIVO', 3, 16, '2-16', '1', '2023-04-16 17:20:52', NULL, 'AC', 'PQ'),
(159, '34200-4', 'AGUA', 3, 16, '2-16', '1', '2023-04-16 17:20:52', NULL, 'AC', 'PQ'),
(160, '34200-5', 'AIRE COMPRIMIDO', 3, 16, '2-16', '0', '2023-04-16 17:20:52', NULL, 'AC', 'PQ'),
(161, '34200-6', 'ALCOHOL', 3, 16, '2-16', '1', '2023-04-16 17:20:52', NULL, 'AC', 'PQ'),
(162, '34200-7', 'ALGODÃ“N', 3, 16, '2-16', '0', '2023-04-16 17:20:52', NULL, 'AC', 'PQ'),
(163, '34200-8', 'ANESTESIA', 3, 16, '2-16', '1', '2023-04-16 17:20:52', NULL, 'AC', 'PQ'),
(164, '34200-9', 'ANTIESPASMODICO', 3, 16, '2-16', '0', '2023-04-16 17:20:52', NULL, 'AC', 'PQ'),
(165, '34200-10', 'BARBIJO', 3, 16, '2-16', '1', '2023-04-16 17:20:52', NULL, 'AC', 'PQ'),
(166, '34200-11', 'BARNIZ', 3, 16, '2-16', '1', '2023-04-16 17:20:52', NULL, 'AC', 'PQ'),
(167, '34200-12', 'BIORAT', 3, 16, '2-16', '0', '2023-04-16 17:20:52', NULL, 'AC', 'PQ'),
(168, '34200-13', 'BOTELLON DE OXIGENO', 3, 16, '2-16', '0', '2023-04-16 17:20:52', NULL, 'AC', 'PQ'),
(169, '34200-14', 'BRANULA', 3, 16, '2-16', '0', '2023-04-16 17:20:52', NULL, 'AC', 'PQ'),
(170, '34200-15', 'CEMENTO', 3, 16, '2-16', '1', '2023-04-16 17:20:52', NULL, 'AC', 'PQ'),
(171, '34200-16', 'CEPILLO', 3, 16, '2-16', '1', '2023-04-16 17:20:52', NULL, 'AC', 'PQ'),
(172, '34200-17', 'CINTA ODONTOLOGICA', 3, 16, '2-16', '1', '2023-04-16 17:20:52', NULL, 'AC', 'PQ'),
(173, '34200-18', 'CONTRA ANGULO', 3, 16, '2-16', '1', '2023-04-16 17:20:52', NULL, 'AC', 'PQ'),
(174, '34200-19', 'CORRECTOR', 3, 16, '2-16', '1', '2023-04-16 17:20:52', NULL, 'AC', 'PQ'),
(175, '34200-20', 'CURITA ADHESIVA', 3, 16, '2-16', '1', '2023-04-16 17:20:52', NULL, 'AC', 'PQ'),
(176, '34200-21', 'DEPULPIN', 3, 16, '2-16', '1', '2023-04-16 17:20:52', NULL, 'AC', 'PQ'),
(177, '34200-22', 'DESENSIBILIZANTE DE CUELLO', 3, 16, '2-16', '1', '2023-04-16 17:20:52', NULL, 'AC', 'PQ'),
(178, '34200-23', 'DESINFECTANTE', 3, 16, '2-16', '1', '2023-04-16 17:20:52', NULL, 'AC', 'PQ'),
(179, '34200-24', 'DETECTOR DE CARIE', 3, 16, '2-16', '1', '2023-04-16 17:20:52', NULL, 'AC', 'PQ'),
(180, '34200-25', 'DILUYENTE ACONDICIONADOR', 3, 16, '2-16', '0', '2023-04-16 17:20:52', NULL, 'AC', 'PQ'),
(181, '34200-26', 'DISCOS DE PIEDRA ESMERIL', 3, 16, '2-16', '1', '2023-04-16 17:20:52', NULL, 'AC', 'PQ'),
(182, '34200-27', 'ESPUMA DE LIMPIEZA', 3, 16, '2-16', '1', '2023-04-16 17:20:52', NULL, 'AC', 'PQ'),
(183, '34200-28', 'EUGENOL', 3, 16, '2-16', '1', '2023-04-16 17:20:52', NULL, 'AC', 'PQ'),
(184, '34200-29', 'EXTINGUIDOR DESCARTABLE', 3, 16, '2-16', '1', '2023-04-16 17:20:52', NULL, 'AC', 'PQ'),
(185, '34200-30', 'FIBRA OPTICA DENTAL', 3, 16, '2-16', '0', '2023-04-16 17:20:52', NULL, 'AC', 'PQ'),
(186, '34200-31', 'FIJADOR DE PELICULA', 3, 16, '2-16', '0', '2023-04-16 17:20:52', NULL, 'AC', 'PQ'),
(187, '34200-32', 'FORMOCRESOL', 3, 16, '2-16', '0', '2023-04-16 17:20:52', NULL, 'AC', 'PQ'),
(188, '34200-33', 'GAS', 3, 16, '2-16', '0', '2023-04-16 17:20:52', NULL, 'AC', 'PQ'),
(189, '34200-34', 'GASA', 3, 16, '2-16', '0', '2023-04-16 17:20:52', NULL, 'AC', 'PQ'),
(190, '34200-35', 'HIDROXIDO DE CALCIO', 3, 16, '2-16', '0', '2023-04-16 17:20:52', NULL, 'AC', 'PQ'),
(191, '34200-36', 'HILO DE SUTURA', 3, 16, '2-16', '0', '2023-04-16 17:20:52', NULL, 'AC', 'PQ'),
(193, '34200-38', 'INSECTICIDA', 3, 16, '2-16', '1', '2023-04-16 17:20:52', NULL, 'AC', 'PQ'),
(195, '34200-40', 'IONOMERO', 3, 16, '2-16', '0', '2023-04-16 17:20:52', NULL, 'AC', 'PQ'),
(196, '34200-41', 'KIT DE TURBINA', 3, 16, '2-16', '1', '2023-04-16 17:20:52', NULL, 'AC', 'PQ'),
(197, '34200-42', 'LIJA', 3, 16, '2-16', '1', '2023-04-16 17:20:52', NULL, 'AC', 'PQ'),
(198, '34200-43', 'LIMADURA DE PLATA', 3, 16, '2-16', '0', '2023-04-16 17:20:52', NULL, 'AC', 'PQ'),
(199, '34200-44', 'LIMPIADOR', 3, 16, '2-16', '1', '2023-04-16 17:20:52', NULL, 'AC', 'PQ'),
(200, '34200-45', 'LIQUIDO', 3, 16, '2-16', '0', '2023-04-16 17:20:52', NULL, 'AC', 'PQ'),
(201, '34200-46', 'MAGNATIL ', 3, 16, '2-16', '0', '2023-04-16 17:20:52', NULL, 'AC', 'PQ'),
(202, '34200-47', 'MAGNOFINA', 3, 16, '2-16', '0', '2023-04-16 17:20:52', NULL, 'AC', 'PQ'),
(203, '34200-48', 'MASILLA', 3, 16, '2-16', '1', '2023-04-16 17:20:52', NULL, 'AC', 'PQ'),
(204, '34200-49', 'MEDICINA', 3, 16, '2-16', '1', '2023-04-16 17:20:52', NULL, 'AC', 'PQ'),
(205, '34200-50', 'MODIFICAR', 3, 16, '2-16', '0', '2023-04-16 17:20:52', NULL, 'AC', 'PQ'),
(206, '34200-51', 'NERVINETA', 3, 16, '2-16', '0', '2023-04-16 17:20:52', NULL, 'AC', 'PQ'),
(207, '34200-52', 'NITROGENO', 3, 16, '2-16', '0', '2023-04-16 17:20:52', NULL, 'AC', 'PQ'),
(208, '34200-53', 'NOGALINA', 3, 16, '2-16', '1', '2023-04-16 17:20:52', NULL, 'AC', 'PQ'),
(209, '34200-54', 'PEGAMENTO', 3, 16, '2-16', '1', '2023-04-16 17:20:52', NULL, 'AC', 'PQ'),
(210, '34200-55', 'PELICULA NEGATIVA ', 3, 16, '2-16', '0', '2023-04-16 17:20:52', NULL, 'AC', 'PQ'),
(211, '34200-56', 'PERNO DE REFUERZO', 3, 16, '2-16', '0', '2023-04-16 17:20:52', NULL, 'AC', 'PQ'),
(212, '34200-57', 'PINTURA', 3, 16, '2-16', '1', '2023-04-16 17:20:52', NULL, 'AC', 'PQ'),
(213, '34200-58', 'PLACA', 3, 16, '2-16', '1', '2023-04-16 17:20:52', NULL, 'AC', 'PQ'),
(214, '34200-59', 'POMADA PARA SOLDAR', 3, 16, '2-16', '1', '2023-04-16 17:20:52', NULL, 'AC', 'PQ'),
(215, '34200-60', 'PORTA FRESA', 3, 16, '2-16', '0', '2023-04-16 17:20:52', NULL, 'AC', 'PQ'),
(216, '34200-61', 'PROCTOPIRINA', 3, 16, '2-16', '0', '2023-04-16 17:20:52', NULL, 'AC', 'PQ'),
(217, '34200-62', 'PROTECTOR DE LLANTA', 3, 16, '2-16', '0', '2023-04-16 17:20:52', NULL, 'AC', 'PQ'),
(218, '34200-63', 'RECARGA DE EXTINTOR ', 3, 16, '2-16', '0', '2023-04-16 17:20:52', NULL, 'AC', 'PQ'),
(219, '34200-64', 'RESINA FOTOCURABLE', 3, 16, '2-16', '1', '2023-04-16 17:20:52', NULL, 'AC', 'PQ'),
(220, '34200-65', 'REVELADOR', 3, 16, '2-16', '1', '2023-04-16 17:20:52', NULL, 'AC', 'PQ'),
(221, '34200-66', 'SELLADOR', 3, 16, '2-16', '1', '2023-04-16 17:20:52', NULL, 'AC', 'PQ'),
(222, '34200-67', 'SILICONA', 3, 16, '2-16', '1', '2023-04-16 17:20:52', NULL, 'AC', 'PQ'),
(223, '34200-68', 'SOLUCIÓN DE FUENTE PARA IMPRENTA', 3, 16, '2-16', '1', '2023-04-16 17:20:52', NULL, 'AC', 'PQ'),
(224, '34200-69', 'SPRAY ENNEGRESEDOR', 3, 16, '2-16', '1', '2023-04-16 17:20:52', NULL, 'AC', 'PQ'),
(225, '34200-70', 'SUERO FISIOLÓGICO', 3, 16, '2-16', '0', '2023-04-16 17:20:52', NULL, 'AC', 'PQ'),
(226, '34200-71', 'TERMO DE VACUNA', 3, 16, '2-16', '0', '2023-04-16 17:20:52', NULL, 'AC', 'PQ'),
(227, '34200-72', 'THINNER', 3, 16, '2-16', '1', '2023-04-16 17:20:52', NULL, 'AC', 'PQ'),
(228, '34200-73', 'TINTA OFFSET', 3, 16, '2-16', '1', '2023-04-16 17:20:52', NULL, 'AC', 'PQ'),
(229, '34200-74', 'TINTE', 3, 16, '2-16', '1', '2023-04-16 17:20:52', NULL, 'AC', 'PQ'),
(230, '34200-75', 'TIRA DE CELULOIDE', 3, 16, '2-16', '0', '2023-04-16 17:20:52', NULL, 'AC', 'PQ'),
(231, '34300-1', 'CAMARA', 3, 11, '2-11', '1', '2023-04-16 17:20:52', NULL, 'AC', 'LN'),
(232, '34300-2', 'LLANTA', 3, 11, '2-11', '1', '2023-04-16 17:20:52', NULL, 'AC', 'LN'),
(233, '34400-1', 'EMPAQUETADURA ', 3, 13, '2-13', '1', '2023-04-16 17:20:52', NULL, 'AC', 'PC'),
(234, '34400-2', 'FOLDER', 3, 13, '2-13', '0', '2023-04-16 17:20:52', NULL, 'AC', 'PC'),
(235, '34400-3', 'GOMA', 3, 13, '2-13', '1', '2023-04-16 17:20:52', NULL, 'AC', 'PC'),
(236, '34400-4', 'LIGA', 3, 13, '2-13', '1', '2023-04-16 17:20:52', NULL, 'AC', 'PC'),
(237, '34400-5', 'MALETIN', 3, 13, '2-13', '1', '2023-04-16 17:20:52', NULL, 'AC', 'PC'),
(238, '34400-6', 'MANGUERA', 3, 13, '2-13', '1', '2023-04-16 17:20:52', NULL, 'AC', 'PC'),
(239, '34400-7', 'PISO', 3, 13, '2-13', '1', '2023-04-16 17:20:52', NULL, 'AC', 'PC'),
(240, '34400-8', 'PORTA ESTANDARTE', 3, 13, '2-13', '1', '2023-04-16 17:20:52', NULL, 'AC', 'PC'),
(241, '34500-1', 'ACROBACIA', 3, 14, '2-14', '0', '2023-04-16 17:20:52', NULL, 'AC', 'NM'),
(244, '34500-4', 'ASEGURADOR DE CABLE ', 3, 14, '2-14', '0', '2023-04-16 17:20:52', NULL, 'AC', 'NM'),
(245, '34500-5', 'AZULEJO', 3, 14, '2-14', '1', '2023-04-16 17:20:52', NULL, 'AC', 'NM'),
(246, '34500-6', 'BATERIA PARA INODORO', 3, 14, '2-14', '1', '2023-04-16 17:20:52', NULL, 'AC', 'NM'),
(248, '34500-8', 'BOLSA', 3, 14, '2-14', '1', '2023-04-16 17:20:52', NULL, 'AC', 'NM'),
(249, '34500-9', 'BOTIQUIN', 3, 14, '2-14', '1', '2023-04-16 17:20:52', NULL, 'AC', 'NM'),
(250, '34500-10', 'BOTON', 3, 14, '2-14', '0', '2023-04-16 17:20:52', NULL, 'AC', 'NM'),
(251, '34500-11', 'CABLE', 3, 14, '2-14', '0', '2023-04-16 17:20:52', NULL, 'AC', 'NM'),
(252, '34500-12', 'CAJA', 3, 14, '2-14', '1', '2023-04-16 17:20:52', NULL, 'AC', 'NM'),
(253, '34500-13', 'CALAMINA', 3, 14, '2-14', '1', '2023-04-16 17:20:52', NULL, 'AC', 'NM'),
(254, '34500-14', 'CAMINO PLASTICO', 3, 14, '2-14', '1', '2023-04-16 17:20:52', NULL, 'AC', 'NM'),
(255, '34500-15', 'CAÃ‘ERIA', 3, 14, '2-14', '1', '2023-04-16 17:20:52', NULL, 'AC', 'NM'),
(256, '34500-16', 'CASCO', 3, 14, '2-14', '1', '2023-04-16 17:20:52', NULL, 'AC', 'NM'),
(257, '34500-17', 'CEMENTO', 3, 14, '2-14', '1', '2023-04-16 17:20:52', NULL, 'AC', 'NM'),
(258, '34500-18', 'CERAMICA', 3, 14, '2-14', '1', '2023-04-16 17:20:52', NULL, 'AC', 'NM'),
(259, '34500-19', 'CIELO RASO', 3, 14, '2-14', '0', '2023-04-16 17:20:52', NULL, 'AC', 'NM'),
(260, '34500-20', 'CILINDRO', 3, 14, '2-14', '0', '2023-04-16 17:20:52', NULL, 'AC', 'NM'),
(261, '34500-21', 'CINTA TEFLON', 3, 14, '2-14', '1', '2023-04-16 17:20:52', NULL, 'AC', 'NM'),
(262, '34500-22', 'COBERTOR PARA CONECTOR', 3, 14, '2-14', '0', '2023-04-16 17:20:52', NULL, 'AC', 'NM'),
(263, '34500-23', 'CODO', 3, 14, '2-14', '1', '2023-04-16 17:20:52', NULL, 'AC', 'NM'),
(264, '34500-24', 'CONO DE SEGURIDAD', 3, 14, '2-14', '0', '2023-04-16 17:20:52', NULL, 'AC', 'NM'),
(265, '34500-25', 'CREDENCIAL', 3, 14, '2-14', '1', '2023-04-16 17:20:52', NULL, 'AC', 'NM'),
(266, '34500-26', 'CRUZETA', 3, 14, '2-14', '1', '2023-04-16 17:20:52', NULL, 'AC', 'NM'),
(267, '34500-27', 'CUERDA PERLON', 3, 14, '2-14', '1', '2023-04-16 17:20:52', NULL, 'AC', 'NM'),
(269, '34500-29', 'DUCTO', 3, 14, '2-14', '1', '2023-04-16 17:20:52', NULL, 'AC', 'NM'),
(270, '34500-30', 'ESPIRAL PARA ANILLADO', 3, 14, '2-14', '0', '2023-04-16 17:20:52', NULL, 'AC', 'NM'),
(271, '34500-31', 'ESTUCO', 3, 14, '2-14', '1', '2023-04-16 17:20:52', NULL, 'AC', 'NM'),
(272, '34500-32', 'FUENTE DE AGUA', 3, 14, '2-14', '0', '2023-04-16 17:20:52', NULL, 'AC', 'NM'),
(273, '34500-33', 'FUNDA', 3, 14, '2-14', '1', '2023-04-16 17:20:52', NULL, 'AC', 'NM'),
(274, '34500-34', 'GUANTE', 3, 14, '2-14', '1', '2023-04-16 17:20:52', NULL, 'AC', 'NM'),
(275, '34500-35', 'INODORO', 3, 14, '2-14', '1', '2023-04-16 17:20:52', NULL, 'AC', 'NM'),
(276, '34500-36', 'JUEGO PARA BAÑO', 3, 14, '2-14', '1', '2023-04-16 17:20:52', NULL, 'AC', 'NM'),
(277, '34500-37', 'JUGUETE', 3, 14, '2-14', '0', '2023-04-16 17:20:52', NULL, 'AC', 'NM'),
(278, '34500-38', 'LABERINTO', 3, 14, '2-14', '0', '2023-04-16 17:20:52', NULL, 'AC', 'NM'),
(279, '34500-39', 'LADRILLO', 3, 14, '2-14', '1', '2023-04-16 17:20:52', NULL, 'AC', 'NM'),
(280, '34500-40', 'LAVAMANO', 3, 14, '2-14', '1', '2023-04-16 17:20:52', NULL, 'AC', 'NM'),
(281, '34500-41', 'LETRERO DE IDENTIFICACION', 3, 14, '2-14', '1', '2023-04-16 17:20:52', NULL, 'AC', 'NM'),
(282, '34500-42', 'MALETIN DE HERRAMIENTA', 3, 14, '2-14', '0', '2023-04-16 17:20:52', NULL, 'AC', 'NM'),
(283, '34500-43', 'MALETIN', 3, 14, '2-14', '0', '2023-04-16 17:20:52', NULL, 'AC', 'NM'),
(284, '34500-44', 'MAMPARA', 3, 14, '2-14', '0', '2023-04-16 17:20:52', NULL, 'AC', 'NM'),
(285, '34500-45', 'MESA', 3, 14, '2-14', '0', '2023-04-16 17:20:52', NULL, 'AC', 'NM'),
(286, '34500-46', 'MOCHILA', 3, 14, '2-14', '0', '2023-04-16 17:20:52', NULL, 'AC', 'NM'),
(287, '34500-47', 'NYLON', 3, 14, '2-14', '1', '2023-04-16 17:20:52', NULL, 'AC', 'NM'),
(288, '34500-48', 'OVEROL', 3, 14, '2-14', '0', '2023-04-16 17:20:52', NULL, 'AC', 'NM'),
(289, '34500-49', 'PEPITA DE ENSARTE', 3, 14, '2-14', '0', '2023-04-16 17:20:52', NULL, 'AC', 'NM'),
(290, '34500-50', 'PERSIANA', 3, 14, '2-14', '1', '2023-04-16 17:20:52', NULL, 'AC', 'NM'),
(291, '34500-51', 'PISO', 3, 14, '2-14', '1', '2023-04-16 17:20:52', NULL, 'AC', 'NM'),
(292, '34500-52', 'PLACA', 3, 14, '2-14', '1', '2023-04-16 17:20:52', NULL, 'AC', 'NM'),
(293, '34500-53', 'PLASTICO', 3, 14, '2-14', '1', '2023-04-16 17:20:52', NULL, 'AC', 'NM'),
(294, '34500-54', 'PLASTOFORMO', 3, 14, '2-14', '0', '2023-04-16 17:20:52', NULL, 'AC', 'NM'),
(295, '34500-55', 'POLICARBONATO', 3, 14, '2-14', '0', '2023-04-16 17:20:52', NULL, 'AC', 'NM'),
(296, '34500-56', 'POLITUBO DE PVC', 3, 14, '2-14', '1', '2023-04-16 17:20:52', NULL, 'AC', 'NM'),
(297, '34500-57', 'PRECINTO DE PVC  ', 3, 14, '2-14', '0', '2023-04-16 17:20:52', NULL, 'AC', 'NM'),
(298, '34500-58', 'PUERTA', 3, 14, '2-14', '0', '2023-04-16 17:20:52', NULL, 'AC', 'NM'),
(299, '34500-59', 'RAMPLU', 3, 14, '2-14', '1', '2023-04-16 17:20:52', NULL, 'AC', 'NM'),
(300, '34500-60', 'RAMPLUS', 3, 14, '2-14', '1', '2023-04-16 17:20:52', NULL, 'AC', 'NM'),
(301, '34500-61', 'RAYBANIZADO', 3, 14, '2-14', '1', '2023-04-16 17:20:52', NULL, 'AC', 'NM'),
(302, '34500-62', 'REJILLA', 3, 14, '2-14', '1', '2023-04-16 17:20:52', NULL, 'AC', 'NM'),
(303, '34500-63', 'RESPIRADOR', 3, 14, '2-14', '0', '2023-04-16 17:20:52', NULL, 'AC', 'NM'),
(304, '34500-64', 'RIEL', 3, 14, '2-14', '0', '2023-04-16 17:20:52', NULL, 'AC', 'NM'),
(305, '34500-65', 'ROPA DE TRABAJO', 3, 14, '2-14', '1', '2023-04-16 17:20:52', NULL, 'AC', 'NM'),
(306, '34500-66', 'SEMICODO', 3, 14, '2-14', '1', '2023-04-16 17:20:52', NULL, 'AC', 'NM'),
(307, '34500-67', 'SIFON', 3, 14, '2-14', '1', '2023-04-16 17:20:52', NULL, 'AC', 'NM'),
(308, '34500-68', 'TARUGO', 3, 14, '2-14', '0', '2023-04-16 17:20:52', NULL, 'AC', 'NM'),
(309, '34500-69', 'TEE', 3, 14, '2-14', '1', '2023-04-16 17:20:52', NULL, 'AC', 'NM'),
(310, '34500-70', 'TERMINAL DE ALUMINIO ', 3, 14, '2-14', '0', '2023-04-16 17:20:52', NULL, 'AC', 'NM'),
(311, '34500-71', 'TIZA PARA ALBAÑILERIA', 3, 14, '2-14', '1', '2023-04-16 17:20:52', NULL, 'AC', 'NM'),
(312, '34500-72', 'TUBO', 3, 14, '2-14', '1', '2023-04-16 17:20:52', NULL, 'AC', 'NM'),
(313, '34500-73', 'UNION UNIVERSAL', 3, 14, '2-14', '1', '2023-04-16 17:20:52', NULL, 'AC', 'NM'),
(314, '34500-74', 'URINARIO', 3, 14, '2-14', '1', '2023-04-16 17:20:52', NULL, 'AC', 'NM'),
(315, '34500-75', 'VALVULA PARA INODORO', 3, 14, '2-14', '1', '2023-04-16 17:20:52', NULL, 'AC', 'NM'),
(316, '34500-76', 'VARILLA', 3, 14, '2-14', '0', '2023-04-16 17:20:52', NULL, 'AC', 'NM'),
(317, '34500-77', 'VASO', 3, 14, '2-14', '0', '2023-04-16 17:20:52', NULL, 'AC', 'NM'),
(318, '34500-78', 'VIDRIO', 3, 14, '2-14', '1', '2023-04-16 17:20:52', NULL, 'AC', 'NM'),
(320, '34600-2', 'ABRAZADERA', 3, 15, '2-15', '1', '2023-04-16 17:20:52', NULL, 'AC', 'PM'),
(321, '34600-3', 'ACOPLE', 3, 15, '2-15', '1', '2023-04-16 17:20:52', NULL, 'AC', 'PM'),
(322, '34600-4', 'ALAMBRE DE AMARRE', 3, 15, '2-15', '0', '2023-04-16 17:20:52', NULL, 'AC', 'PM'),
(323, '34600-5', 'ALAMBRON', 3, 15, '2-15', '1', '2023-04-16 17:20:52', '2023-10-24 13:36:52', 'AC', 'PM'),
(324, '34600-6', 'BOBINA DE ACERO  ', 3, 15, '2-15', '0', '2023-04-16 17:20:52', '2023-10-24 13:37:43', 'AC', 'PM'),
(325, '34600-7', 'ARMELLA', 3, 15, '2-15', '1', '2023-04-16 17:20:52', NULL, 'AC', 'PM'),
(326, '34600-8', 'ARNES', 3, 15, '2-15', '0', '2023-04-16 17:20:52', NULL, 'AC', 'PM'),
(327, '34600-9', 'BANDEJA', 3, 15, '2-15', '0', '2023-04-16 17:20:52', NULL, 'AC', 'PM'),
(328, '34600-10', 'BARRA DE COBRE', 3, 15, '2-15', '0', '2023-04-16 17:20:52', NULL, 'AC', 'PM'),
(329, '34600-11', 'BASTIDOR METALICO', 3, 15, '2-15', '0', '2023-04-16 17:20:52', NULL, 'AC', 'PM'),
(331, '34600-13', 'BISAGRA METALICA', 3, 15, '2-15', '1', '2023-04-16 17:20:52', NULL, 'AC', 'PM'),
(332, '34600-14', 'BOQUILLA PARA REGADERA', 3, 15, '2-15', '0', '2023-04-16 17:20:52', NULL, 'AC', 'PM'),
(333, '34600-15', 'BRAZO HIDRAULICO', 3, 15, '2-15', '0', '2023-04-16 17:20:52', NULL, 'AC', 'PM'),
(334, '34600-16', 'BROCA', 3, 15, '2-15', '0', '2023-04-16 17:20:52', NULL, 'AC', 'PM'),
(335, '34600-17', 'CABLECANAL', 3, 15, '2-15', '0', '2023-04-16 17:20:52', NULL, 'AC', 'PM'),
(336, '34600-18', 'CAJA DE SEGURIDAD', 3, 15, '2-15', '0', '2023-04-16 17:20:52', NULL, 'AC', 'PM'),
(337, '34600-19', 'CALAMINA', 3, 15, '2-15', '1', '2023-04-16 17:20:52', NULL, 'AC', 'PM'),
(338, '34600-20', 'CANDADO', 3, 15, '2-15', '1', '2023-04-16 17:20:52', NULL, 'AC', 'PM'),
(339, '34600-21', 'CAÃ‘ERIA', 3, 15, '2-15', '1', '2023-04-16 17:20:52', NULL, 'AC', 'PM'),
(340, '34600-22', 'CHAPA', 3, 15, '2-15', '1', '2023-04-16 17:20:52', NULL, 'AC', 'PM'),
(341, '34600-23', 'CHICOTILLO', 3, 15, '2-15', '1', '2023-04-16 17:20:52', NULL, 'AC', 'PM'),
(343, '34600-25', 'CLAVO', 3, 15, '2-15', '1', '2023-04-16 17:20:52', NULL, 'AC', 'PM'),
(344, '34600-26', 'PERNOS Y TUERCAS', 3, 15, '2-15', '0', '2023-04-16 17:20:52', NULL, 'AC', 'PM'),
(345, '34600-27', 'CODO', 3, 15, '2-15', '1', '2023-04-16 17:20:52', NULL, 'AC', 'PM'),
(346, '34600-28', 'CONECTOR CON PERNOS', 3, 15, '2-15', '0', '2023-04-16 17:20:52', NULL, 'AC', 'PM'),
(347, '34600-29', 'CUCHILLA', 3, 15, '2-15', '0', '2023-04-16 17:20:52', NULL, 'AC', 'PM'),
(348, '34600-30', 'CURITA ADHESIVA SANITARIA', 3, 15, '2-15', '0', '2023-04-16 17:20:52', NULL, 'AC', 'PM'),
(349, '34600-31', 'ELECTRODO', 3, 15, '2-15', '1', '2023-04-16 17:20:52', NULL, 'AC', 'PM'),
(350, '34600-32', 'ESTAÑO PARA SOLDADURA', 3, 15, '2-15', '1', '2023-04-16 17:20:52', NULL, 'AC', 'PM'),
(351, '34600-33', 'FIERRO', 3, 15, '2-15', '0', '2023-04-16 17:20:52', NULL, 'AC', 'PM'),
(352, '34600-34', 'FLOTADOR DE TANQUE DE AGUA', 3, 15, '2-15', '1', '2023-04-16 17:20:52', NULL, 'AC', 'PM'),
(353, '34600-35', 'FRENO HIDRAULICO', 3, 15, '2-15', '0', '2023-04-16 17:20:52', NULL, 'AC', 'PM'),
(354, '34600-36', 'GABINETE SWITCH DE RED', 3, 15, '2-15', '0', '2023-04-16 17:20:52', NULL, 'AC', 'PM'),
(355, '34600-37', 'GANCHO PARA CALAMINA', 3, 15, '2-15', '0', '2023-04-16 17:20:52', NULL, 'AC', 'PM'),
(356, '34600-38', 'GRAPA PARA INSTALACION', 3, 15, '2-15', '1', '2023-04-16 17:20:52', NULL, 'AC', 'PM'),
(357, '34600-39', 'GRIFO', 3, 15, '2-15', '1', '2023-04-16 17:20:52', NULL, 'AC', 'PM'),
(358, '34600-40', 'FIERRO ANGULAR', 3, 15, '2-15', '1', '2023-04-16 17:20:52', NULL, 'AC', 'PM'),
(359, '34600-41', 'HOJA DE SIERRA MECANICA', 3, 15, '2-15', '0', '2023-04-16 17:20:52', NULL, 'AC', 'PM'),
(360, '34600-42', 'JALADOR PARA MUEBLE', 3, 15, '2-15', '1', '2023-04-16 17:20:52', NULL, 'AC', 'PM'),
(361, '34600-43', 'LAVA VAJILLA', 3, 15, '2-15', '1', '2023-04-16 17:20:52', NULL, 'AC', 'PM'),
(362, '34600-44', 'LAVAMANO', 3, 15, '2-15', '0', '2023-04-16 17:20:52', NULL, 'AC', 'PM'),
(363, '34600-45', 'LETRA O FIGURA ENCAJONADA', 3, 15, '2-15', '0', '2023-04-16 17:20:52', NULL, 'AC', 'PM'),
(364, '34600-46', 'LIMA PARA METRAL', 3, 15, '2-15', '0', '2023-04-16 17:20:52', NULL, 'AC', 'PM'),
(365, '34600-47', 'LLAVE', 3, 15, '2-15', '1', '2023-04-16 17:20:52', NULL, 'AC', 'PM'),
(366, '34600-48', 'MALLA', 3, 15, '2-15', '1', '2023-04-16 17:20:52', NULL, 'AC', 'PM'),
(367, '34600-49', 'MAMPARA', 3, 15, '2-15', '0', '2023-04-16 17:20:52', NULL, 'AC', 'PM'),
(368, '34600-50', 'NIPLE ', 3, 15, '2-15', '1', '2023-04-16 17:20:52', NULL, 'AC', 'PM'),
(369, '34600-51', 'ORDENADOR', 3, 15, '2-15', '0', '2023-04-16 17:20:52', NULL, 'AC', 'PM'),
(370, '34600-52', 'PALANCA PARA INODORO', 3, 15, '2-15', '1', '2023-04-16 17:20:52', NULL, 'AC', 'PM'),
(371, '34600-53', 'PEDESTAL METALICO', 3, 15, '2-15', '0', '2023-04-16 17:20:52', NULL, 'AC', 'PM'),
(372, '34600-54', 'PERFIL', 3, 15, '2-15', '0', '2023-04-16 17:20:52', NULL, 'AC', 'PM'),
(373, '34600-55', 'PERNO', 3, 15, '2-15', '1', '2023-04-16 17:20:52', NULL, 'AC', 'PM'),
(374, '34600-56', 'PERSIANA', 3, 15, '2-15', '0', '2023-04-16 17:20:52', NULL, 'AC', 'PM'),
(375, '34600-57', 'PICAPORTE', 3, 15, '2-15', '1', '2023-04-16 17:20:52', NULL, 'AC', 'PM'),
(376, '34600-58', 'PIE DE AMIGO', 3, 15, '2-15', '0', '2023-04-16 17:20:52', NULL, 'AC', 'PM'),
(377, '34600-59', 'PISPOT', 3, 15, '2-15', '0', '2023-04-16 17:20:52', NULL, 'AC', 'PM'),
(378, '34600-60', 'PIVOT LOCO', 3, 15, '2-15', '0', '2023-04-16 17:20:52', NULL, 'AC', 'PM'),
(380, '34600-62', 'PLAQUETA DE IDENTIFICACION', 3, 15, '2-15', '0', '2023-04-16 17:20:52', NULL, 'AC', 'PM'),
(381, '34600-63', 'PUERTA', 3, 15, '2-15', '1', '2023-04-16 17:20:52', NULL, 'AC', 'PM'),
(382, '34600-64', 'RAC', 3, 15, '2-15', '0', '2023-04-16 17:20:52', NULL, 'AC', 'PM'),
(383, '34600-65', 'REDUCCION DE TUBERIA', 3, 15, '2-15', '1', '2023-04-16 17:20:52', NULL, 'AC', 'PM'),
(384, '34600-66', 'REJILLA DE BRONCE ', 3, 15, '2-15', '0', '2023-04-16 17:20:52', NULL, 'AC', 'PM'),
(385, '34600-67', 'REMACHE DE ALUMINIO', 3, 15, '2-15', '1', '2023-04-16 17:20:52', NULL, 'AC', 'PM'),
(386, '34600-68', 'ROLLERSCREEM DE ALUMINIO', 3, 15, '2-15', '0', '2023-04-16 17:20:52', NULL, 'AC', 'PM'),
(387, '34600-69', 'SEPARADOR METALICO ', 3, 15, '2-15', '0', '2023-04-16 17:20:52', NULL, 'AC', 'PM'),
(388, '34600-70', 'SOPORTE', 3, 15, '2-15', '0', '2023-04-16 17:20:52', NULL, 'AC', 'PM'),
(389, '34600-71', 'SUCCIONADOR', 3, 15, '2-15', '0', '2023-04-16 17:20:52', NULL, 'AC', 'PM'),
(390, '34600-72', 'TACHUELA', 3, 15, '2-15', '1', '2023-04-16 17:20:52', NULL, 'AC', 'PM'),
(391, '34600-73', 'TAPON DE HIERRO', 3, 15, '2-15', '1', '2023-04-16 17:20:52', NULL, 'AC', 'PM'),
(392, '34600-74', 'TE DE FIERRO', 3, 15, '2-15', '0', '2023-04-16 17:20:52', NULL, 'AC', 'PM'),
(393, '34600-75', 'TEE DE TUBERIA', 3, 15, '2-15', '1', '2023-04-16 17:20:52', NULL, 'AC', 'PM'),
(395, '34600-77', 'TEFLON', 3, 15, '2-15', '0', '2023-04-16 17:20:52', NULL, 'AC', 'PM'),
(396, '34600-78', 'TERMINAL AISLANTE', 3, 15, '2-15', '0', '2023-04-16 17:20:52', NULL, 'AC', 'PM'),
(397, '34600-79', 'TIRA ENCAJONADA', 3, 15, '2-15', '0', '2023-04-16 17:20:52', NULL, 'AC', 'PM'),
(398, '34600-80', 'TORNILLO', 3, 15, '2-15', '1', '2023-04-16 17:20:52', NULL, 'AC', 'PM'),
(399, '34600-81', 'TRAMPA', 3, 15, '2-15', '1', '2023-04-16 17:20:52', NULL, 'AC', 'PM'),
(400, '34600-82', 'TUBO CUADRADO', 3, 15, '2-15', '1', '2023-04-16 17:20:52', NULL, 'AC', 'PM'),
(401, '34600-83', 'UNION UNIVERSAL', 3, 15, '2-15', '1', '2023-04-16 17:20:52', NULL, 'AC', 'PM'),
(402, '34600-84', 'VARILLA METALICA', 3, 15, '2-15', '0', '2023-04-16 17:20:52', NULL, 'AC', 'PM'),
(403, '34600-85', 'VENTANA', 3, 15, '2-15', '1', '2023-04-16 17:20:52', NULL, 'AC', 'PM'),
(404, '34700-1', 'ARENA', 3, 12, '2-12', '1', '2023-04-16 17:20:52', NULL, 'AC', 'MI'),
(406, '34800-2', 'ACCESORIO PARA LLAVE CHICHARRA', 3, 10, '2-10', '1', '2023-04-16 17:20:52', NULL, 'AC', 'HM'),
(407, '34800-3', 'ALICATE', 3, 10, '2-10', '1', '2023-04-16 17:20:52', NULL, 'AC', 'HM'),
(408, '34800-4', 'AMOLADORA', 3, 10, '2-10', '1', '2023-04-16 17:20:52', NULL, 'AC', 'HM'),
(409, '34800-5', 'ARCO DE SIERRA', 3, 10, '2-10', '1', '2023-04-16 17:20:52', NULL, 'AC', 'HM'),
(410, '34800-6', 'ASPIRADORA SOPLADORA', 3, 10, '2-10', '1', '2023-04-16 17:20:52', NULL, 'AC', 'HM'),
(411, '34800-7', 'BALDE', 3, 10, '2-10', '1', '2023-04-16 17:20:52', NULL, 'AC', 'HM'),
(412, '34800-8', 'BROCA', 3, 10, '2-10', '1', '2023-04-16 17:20:52', NULL, 'AC', 'HM'),
(413, '34800-9', 'BROCHA', 3, 10, '2-10', '1', '2023-04-16 17:20:52', NULL, 'AC', 'HM'),
(414, '34800-10', 'CAUTIN ELECTRICO', 3, 10, '2-10', '1', '2023-04-16 17:20:52', NULL, 'AC', 'HM'),
(415, '34800-11', 'CEPILLO', 3, 10, '2-10', '1', '2023-04-16 17:20:52', NULL, 'AC', 'HM'),
(416, '34800-12', 'CINCEL METALICO', 3, 10, '2-10', '1', '2023-04-16 17:20:52', NULL, 'AC', 'HM'),
(417, '34800-13', 'COMBO', 3, 10, '2-10', '1', '2023-04-16 17:20:52', NULL, 'AC', 'HM'),
(418, '34800-14', 'CORTADOR', 3, 10, '2-10', '1', '2023-04-16 17:20:52', NULL, 'AC', 'HM'),
(419, '34800-15', 'CRIMPING', 3, 10, '2-10', '0', '2023-04-16 17:20:52', NULL, 'AC', 'HM'),
(420, '34800-16', 'DADOS FORCE', 3, 10, '2-10', '1', '2023-04-16 17:20:52', NULL, 'AC', 'HM'),
(421, '34800-17', 'DESTORNILLADOR', 3, 10, '2-10', '1', '2023-04-16 17:20:52', NULL, 'AC', 'HM'),
(422, '34800-18', 'DISCO', 3, 10, '2-10', '1', '2023-04-16 17:20:52', NULL, 'AC', 'HM'),
(423, '34800-19', 'ESCUADRA', 3, 10, '2-10', '1', '2023-04-16 17:20:52', NULL, 'AC', 'HM'),
(424, '34800-20', 'ESPATULA', 3, 10, '2-10', '1', '2023-04-16 17:20:52', NULL, 'AC', 'HM'),
(425, '34800-21', 'FLEXOMETRO', 3, 10, '2-10', '1', '2023-04-16 17:20:52', NULL, 'AC', 'HM'),
(426, '34800-22', 'FORMON', 3, 10, '2-10', '1', '2023-04-16 17:20:52', NULL, 'AC', 'HM'),
(427, '34800-23', 'GATA', 3, 10, '2-10', '1', '2023-04-16 17:20:52', NULL, 'AC', 'HM'),
(428, '34800-24', 'HERRAMIENTA', 3, 10, '2-10', '1', '2023-04-16 17:20:52', NULL, 'AC', 'HM'),
(429, '34800-25', 'HIDROLAVADORA', 3, 10, '2-10', '0', '2023-04-16 17:20:52', NULL, 'AC', 'HM'),
(430, '34800-26', 'HOJA', 3, 10, '2-10', '1', '2023-04-16 17:20:52', NULL, 'AC', 'HM'),
(431, '34800-27', 'INFLADOR  ', 3, 10, '2-10', '1', '2023-04-16 17:20:52', NULL, 'AC', 'HM'),
(432, '34800-28', 'JUEGO DE DADO', 3, 10, '2-10', '0', '2023-04-16 17:20:52', NULL, 'AC', 'HM'),
(433, '34800-29', 'JUEGO DE HERRAMIENTA', 3, 10, '2-10', '1', '2023-04-16 17:20:52', NULL, 'AC', 'HM'),
(434, '34800-30', 'KIT DE HERRAMIENTA', 3, 10, '2-10', '0', '2023-04-16 17:20:52', NULL, 'AC', 'HM'),
(435, '34800-31', 'LENTE', 3, 10, '2-10', '0', '2023-04-16 17:20:52', NULL, 'AC', 'HM'),
(436, '34800-32', 'LIJA', 3, 10, '2-10', '1', '2023-04-16 17:20:52', NULL, 'AC', 'HM'),
(437, '34800-33', 'LLAVE', 3, 10, '2-10', '1', '2023-04-16 17:20:52', NULL, 'AC', 'HM'),
(438, '34800-34', 'MARTILLO', 3, 10, '2-10', '1', '2023-04-16 17:20:52', NULL, 'AC', 'HM'),
(439, '34800-35', 'MULTIMETRO', 3, 10, '2-10', '1', '2023-04-16 17:20:52', NULL, 'AC', 'HM'),
(440, '34800-36', 'NIVEL', 3, 10, '2-10', '1', '2023-04-16 17:20:52', NULL, 'AC', 'HM'),
(441, '34800-37', 'PELADOR CABLE UTP', 3, 10, '2-10', '1', '2023-04-16 17:20:52', NULL, 'AC', 'HM'),
(442, '34800-38', 'PINZA PELA CABLE COAXIAL', 3, 10, '2-10', '1', '2023-04-16 17:20:52', NULL, 'AC', 'HM'),
(443, '34800-39', 'PISTOLA DE SOLDAR', 3, 10, '2-10', '1', '2023-04-16 17:20:52', NULL, 'AC', 'HM'),
(444, '34800-40', 'PLANCHA PARA ALBAÑIL', 3, 10, '2-10', '1', '2023-04-16 17:20:52', NULL, 'AC', 'HM'),
(445, '34800-41', 'POMADA PARA SOLDADURA', 3, 10, '2-10', '0', '2023-04-16 17:20:52', NULL, 'AC', 'HM'),
(446, '34800-42', 'PONCHADOR', 3, 10, '2-10', '1', '2023-04-16 17:20:52', NULL, 'AC', 'HM'),
(447, '34800-43', 'PROBADOR DE CABLE', 3, 10, '2-10', '1', '2023-04-16 17:20:52', NULL, 'AC', 'HM'),
(448, '34800-44', 'PUNTA DE ALBAÑIL', 3, 10, '2-10', '1', '2023-04-16 17:20:52', NULL, 'AC', 'HM'),
(449, '34800-45', 'REMACHADOR', 3, 10, '2-10', '1', '2023-04-16 17:20:52', NULL, 'AC', 'HM'),
(450, '34800-46', 'RODILLO', 3, 10, '2-10', '1', '2023-04-16 17:20:52', NULL, 'AC', 'HM'),
(451, '34800-47', 'SACA BOCADO', 3, 10, '2-10', '0', '2023-04-16 17:20:52', NULL, 'AC', 'HM'),
(452, '34800-48', 'SERRUCHO', 3, 10, '2-10', '1', '2023-04-16 17:20:52', NULL, 'AC', 'HM'),
(453, '34800-49', 'SOPLETE', 3, 10, '2-10', '1', '2023-04-16 17:20:52', NULL, 'AC', 'HM'),
(454, '34800-50', 'TALADRO', 3, 10, '2-10', '1', '2023-04-16 17:20:52', NULL, 'AC', 'HM'),
(455, '34800-51', 'TARRAJA', 3, 10, '2-10', '1', '2023-04-16 17:20:52', NULL, 'AC', 'HM'),
(456, '34800-52', 'TENAZA', 3, 10, '2-10', '1', '2023-04-16 17:20:52', NULL, 'AC', 'HM'),
(457, '39100-1', 'ACCESORIO DE LIMPIEZA', 3, 23, '4-23', '1', '2023-04-16 17:20:52', NULL, 'AC', 'ML'),
(458, '39100-2', 'ARAGAN DE GOMA', 3, 23, '4-23', '1', '2023-04-16 17:20:52', NULL, 'AC', 'ML'),
(459, '39100-3', 'DETERGENTE LIQUIDO', 3, 23, '4-23', '1', '2023-04-16 17:20:52', NULL, 'AC', 'ML'),
(460, '39100-4', 'DISPENSADOR', 3, 23, '4-23', '1', '2023-04-16 17:20:52', NULL, 'AC', 'ML'),
(461, '39100-5', 'ESPATULA', 3, 23, '4-23', '0', '2023-04-16 17:20:52', NULL, 'AC', 'ML'),
(462, '39100-6', 'PAPEL DE LIMPIEZA', 3, 23, '4-23', '1', '2023-04-16 17:20:52', NULL, 'AC', 'ML'),
(463, '39100-7', 'PIEDRA SANITARIA', 3, 23, '4-23', '0', '2023-04-16 17:20:52', NULL, 'AC', 'ML'),
(464, '39100-8', 'PORTA PAPEL', 3, 23, '4-23', '1', '2023-04-16 17:20:52', NULL, 'AC', 'ML'),
(465, '39300-1', 'COLADERA', 3, 27, '4-27', '0', '2023-04-16 17:20:52', NULL, 'AC', 'UC'),
(466, '39300-2', 'COLADOR', 3, 27, '4-27', '0', '2023-04-16 17:20:52', NULL, 'AC', 'UC'),
(467, '39300-3', 'CONTENEDOR', 3, 27, '4-27', '0', '2023-04-16 17:20:52', NULL, 'AC', 'UC'),
(468, '39300-4', 'CUCHILLO Y CUCHARA', 3, 27, '4-27', '0', '2023-04-16 17:20:52', NULL, 'AC', 'UC'),
(469, '39300-5', 'ELECTRODOMESTICO', 3, 27, '4-27', '0', '2023-04-16 17:20:52', NULL, 'AC', 'UC'),
(470, '39300-6', 'ENSERES PARA COCINAR', 3, 27, '4-27', '0', '2023-04-16 17:20:52', NULL, 'AC', 'UC'),
(471, '39300-7', 'JARRA', 3, 27, '4-27', '0', '2023-04-16 17:20:52', NULL, 'AC', 'UC'),
(473, '39300-9', 'RECIPIENTE', 3, 27, '4-27', '0', '2023-04-16 17:20:52', NULL, 'AC', 'UC'),
(474, '39300-10', 'TERMO', 3, 27, '4-27', '0', '2023-04-16 17:20:52', NULL, 'AC', 'UC'),
(475, '39300-11', 'UTENSILIO DE COCINA', 3, 27, '4-27', '0', '2023-04-16 17:20:52', NULL, 'AC', 'UC'),
(476, '39300-12', 'VAJILLA', 3, 27, '4-27', '0', '2023-04-16 17:20:52', NULL, 'AC', 'UC'),
(477, '39400-1', 'AGUJA', 3, 22, '4-22', '1', '2023-04-16 17:20:52', NULL, 'AC', 'IM'),
(478, '39400-2', 'ALGODONERO METALICO', 3, 22, '4-22', '1', '2023-04-16 17:20:52', NULL, 'AC', 'IM'),
(479, '39400-3', 'BAJALENGUA DESCARTABLE', 3, 22, '4-22', '1', '2023-04-16 17:20:52', NULL, 'AC', 'IM'),
(480, '39400-4', 'BOTE DE DESECHO', 3, 22, '4-22', '0', '2023-04-16 17:20:52', NULL, 'AC', 'IM'),
(481, '39400-5', 'CAJA DE ACERO', 3, 22, '4-22', '1', '2023-04-16 17:20:52', NULL, 'AC', 'IM'),
(482, '39400-6', 'CAJA DE ENDODONCIA', 3, 22, '4-22', '1', '2023-04-16 17:20:52', NULL, 'AC', 'IM'),
(483, '39400-7', 'CONO', 3, 22, '4-22', '1', '2023-04-16 17:20:52', NULL, 'AC', 'IM'),
(484, '39400-8', 'CUBETA PARA FLUOR ', 3, 22, '4-22', '1', '2023-04-16 17:20:52', NULL, 'AC', 'IM'),
(485, '39400-9', 'CUCHARETA GREIS', 3, 22, '4-22', '1', '2023-04-16 17:20:52', NULL, 'AC', 'IM'),
(486, '39400-10', 'CURETA', 3, 22, '4-22', '1', '2023-04-16 17:20:52', NULL, 'AC', 'IM'),
(487, '39400-11', 'EQUIPO DE VENOCLISIS', 3, 22, '4-22', '0', '2023-04-16 17:20:52', NULL, 'AC', 'IM'),
(488, '39400-12', 'ESPEJO', 3, 22, '4-22', '1', '2023-04-16 17:20:52', NULL, 'AC', 'IM'),
(489, '39400-13', 'ESTETOSCOPIO', 3, 22, '4-22', '1', '2023-04-16 17:20:52', NULL, 'AC', 'IM'),
(490, '39400-14', 'FIELTRO EN RUEDA', 3, 22, '4-22', '0', '2023-04-16 17:20:52', NULL, 'AC', 'IM'),
(491, '39400-15', 'FRESA', 3, 22, '4-22', '1', '2023-04-16 17:20:52', NULL, 'AC', 'IM'),
(492, '39400-16', 'GOMA PARA PULIDO', 3, 22, '4-22', '1', '2023-04-16 17:20:52', NULL, 'AC', 'IM'),
(493, '39400-17', 'GUANTE DESCARTABLE', 3, 22, '4-22', '1', '2023-04-16 17:20:52', NULL, 'AC', 'IM'),
(494, '39400-18', 'JERINGA', 3, 22, '4-22', '1', '2023-04-16 17:20:52', NULL, 'AC', 'IM'),
(495, '39400-19', 'LENTULO', 3, 22, '4-22', '1', '2023-04-16 17:20:52', NULL, 'AC', 'IM'),
(496, '39400-20', 'LIMA', 3, 22, '4-22', '1', '2023-04-16 17:20:52', NULL, 'AC', 'IM'),
(497, '39400-21', 'LIMPIA FRESA METALICO', 3, 22, '4-22', '1', '2023-04-16 17:20:52', NULL, 'AC', 'IM'),
(498, '39400-22', 'MANDRIL ODONTOLOGICO', 3, 22, '4-22', '1', '2023-04-16 17:20:52', NULL, 'AC', 'IM'),
(499, '39400-23', 'MEDIDOR DE GRASA CORPORAL', 3, 22, '4-22', '1', '2023-04-16 17:20:52', NULL, 'AC', 'IM'),
(500, '39400-24', 'PANTOSCOPIO', 3, 22, '4-22', '1', '2023-04-16 17:20:52', NULL, 'AC', 'IM'),
(501, '39400-25', 'PAPEL ARTICULAR', 3, 22, '4-22', '0', '2023-04-16 17:20:52', NULL, 'AC', 'IM'),
(502, '39400-26', 'PIEDRA PARA RESINA', 3, 22, '4-22', '1', '2023-04-16 17:20:52', NULL, 'AC', 'IM'),
(503, '39400-27', 'PINZA', 3, 22, '4-22', '1', '2023-04-16 17:20:52', NULL, 'AC', 'IM'),
(504, '39400-28', 'PORTA AGUJA', 3, 22, '4-22', '1', '2023-04-16 17:20:52', NULL, 'AC', 'IM'),
(505, '39400-29', 'PORTA MATRIZ', 3, 22, '4-22', '1', '2023-04-16 17:20:52', NULL, 'AC', 'IM'),
(506, '39400-30', 'RIÃ‘ONERA', 3, 22, '4-22', '1', '2023-04-16 17:20:52', NULL, 'AC', 'IM'),
(507, '39400-31', 'SONDA', 3, 22, '4-22', '1', '2023-04-16 17:20:52', NULL, 'AC', 'IM'),
(508, '39400-32', 'SUCTOR DE SALIVA', 3, 22, '4-22', '1', '2023-04-16 17:20:52', NULL, 'AC', 'IM'),
(509, '39400-33', 'TENSIOMETRO', 3, 22, '4-22', '1', '2023-04-16 17:20:52', NULL, 'AC', 'IM'),
(510, '39400-34', 'TIJERA DE MEDICO', 3, 22, '4-22', '1', '2023-04-16 17:20:52', NULL, 'AC', 'IM'),
(511, '39400-35', 'TIRANERVIO', 3, 22, '4-22', '1', '2023-04-16 17:20:52', NULL, 'AC', 'IM'),
(512, '39400-36', 'TOPE DE GOMA', 3, 22, '4-22', '1', '2023-04-16 17:20:52', NULL, 'AC', 'IM'),
(513, '39400-37', 'VASO DAPEN', 3, 22, '4-22', '1', '2023-04-16 17:20:52', NULL, 'AC', 'IM'),
(515, '39500-2', 'ACCESORIOS DE COMPUTACION', 3, 28, '4-28', '0', '2023-04-16 17:20:52', NULL, 'AC', 'UE'),
(517, '39500-4', 'AMORTIGUADOR SOPORTE', 3, 28, '4-28', '0', '2023-04-16 17:20:52', NULL, 'AC', 'UE'),
(519, '39500-6', 'BORRADOR DE PIZARRA ACRILICA', 3, 28, '4-28', '1', '2023-04-16 17:20:52', NULL, 'AC', 'UE'),
(520, '39500-7', 'CALCULADORA', 3, 28, '4-28', '1', '2023-04-16 17:20:52', NULL, 'AC', 'UE'),
(521, '39500-8', 'CARPICOLA  ESCOLAR', 3, 28, '4-28', '1', '2023-04-16 17:20:52', NULL, 'AC', 'UE'),
(522, '39500-9', 'CASSETTES', 3, 28, '4-28', '0', '2023-04-16 17:20:52', NULL, 'AC', 'UE'),
(523, '39500-10', 'CERA', 3, 28, '4-28', '0', '2023-04-16 17:20:52', NULL, 'AC', 'UE'),
(524, '39500-11', 'CINTA ADHESIVA', 3, 28, '4-28', '1', '2023-04-16 17:20:52', NULL, 'AC', 'UE'),
(525, '39500-12', 'CINTA MAGNETICA', 3, 28, '4-28', '1', '2023-04-16 17:20:52', NULL, 'AC', 'UE'),
(526, '39500-13', 'CLIPS', 3, 28, '4-28', '1', '2023-04-16 17:20:52', NULL, 'AC', 'UE'),
(527, '39500-14', 'CONTENEDOR', 3, 28, '4-28', '0', '2023-04-16 17:20:52', NULL, 'AC', 'UE'),
(528, '39500-15', 'CORRECTOR', 3, 28, '4-28', '1', '2023-04-16 17:20:52', NULL, 'AC', 'UE'),
(529, '39500-16', 'CUADERNO', 3, 28, '4-28', '1', '2023-04-16 17:20:52', NULL, 'AC', 'UE'),
(530, '39500-17', 'DISPENSADOR', 3, 28, '4-28', '1', '2023-04-16 17:20:52', NULL, 'AC', 'UE'),
(531, '39500-18', 'DISKETTE', 3, 28, '4-28', '1', '2023-04-16 17:20:52', NULL, 'AC', 'UE'),
(532, '39500-19', 'ESPIRAL PARA ANILLADO', 3, 28, '4-28', '1', '2023-04-16 17:20:52', NULL, 'AC', 'UE'),
(533, '39500-20', 'ETIQUETA', 3, 28, '4-28', '1', '2023-04-16 17:20:52', NULL, 'AC', 'UE'),
(534, '39500-21', 'EXFOLIADOR BASE METALICA', 3, 28, '4-28', '1', '2023-04-16 17:20:52', NULL, 'AC', 'UE'),
(535, '39500-22', 'FOLDER', 3, 28, '4-28', '1', '2023-04-16 17:20:52', NULL, 'AC', 'UE'),
(536, '39500-23', 'FORMULARIO', 3, 28, '4-28', '0', '2023-04-16 17:20:52', NULL, 'AC', 'UE'),
(537, '39500-24', 'GRAPA', 3, 28, '4-28', '1', '2023-04-16 17:20:52', NULL, 'AC', 'UE'),
(538, '39500-25', 'GUILLOTINA PORTATIL', 3, 28, '4-28', '0', '2023-04-16 17:20:52', NULL, 'AC', 'UE'),
(539, '39500-26', 'IDENTIFICADOR DE LLAVE', 3, 28, '4-28', '0', '2023-04-16 17:20:52', NULL, 'AC', 'UE'),
(540, '39500-27', 'LAMPARA REFLECTORA', 3, 28, '4-28', '0', '2023-04-16 17:20:52', NULL, 'AC', 'UE'),
(543, '39500-30', 'PAPEL', 3, 28, '4-28', '0', '2023-04-16 17:20:52', NULL, 'AC', 'UE'),
(545, '39500-32', 'PEGAMENTO', 3, 28, '4-28', '0', '2023-04-16 17:20:52', NULL, 'AC', 'UE'),
(547, '39500-34', 'PLACAS', 3, 28, '4-28', '0', '2023-04-16 17:20:52', NULL, 'AC', 'UE'),
(548, '39500-35', 'POCKET', 3, 28, '4-28', '0', '2023-04-16 17:20:52', NULL, 'AC', 'UE'),
(549, '39500-36', 'KIT DE MANTENIMIENTO', 3, 28, '4-28', '1', '2023-04-16 17:20:52', NULL, 'AC', 'UE'),
(550, '39500-37', 'REGLA GRADUADA', 3, 28, '4-28', '1', '2023-04-16 17:20:52', NULL, 'AC', 'UE'),
(551, '39500-38', 'SACAGRAPA', 3, 28, '4-28', '1', '2023-04-16 17:20:52', NULL, 'AC', 'UE'),
(552, '39500-39', 'SELLO', 3, 28, '4-28', '1', '2023-04-16 17:20:52', NULL, 'AC', 'UE'),
(553, '39500-40', 'SEPARADOR PLASTICO', 3, 28, '4-28', '1', '2023-04-16 17:20:52', NULL, 'AC', 'UE'),
(554, '39500-41', 'STENCIL', 3, 28, '4-28', '0', '2023-04-16 17:20:52', NULL, 'AC', 'UE'),
(555, '39500-42', 'TABLERO DE APUNTE', 3, 28, '4-28', '1', '2023-04-16 17:20:52', NULL, 'AC', 'UE'),
(556, '39500-43', 'TACOS', 3, 28, '4-28', '0', '2023-04-16 17:20:52', NULL, 'AC', 'UE'),
(557, '39500-44', 'TAJADOR', 3, 28, '4-28', '1', '2023-04-16 17:20:52', NULL, 'AC', 'UE'),
(558, '39500-45', 'TAMPOS', 3, 28, '4-28', '1', '2023-04-16 17:20:52', NULL, 'AC', 'UE'),
(559, '39500-46', 'TAPA PLASTICA', 3, 28, '4-28', '1', '2023-04-16 17:20:52', NULL, 'AC', 'UE'),
(560, '39500-47', 'TINTA PARA SELLO', 3, 28, '4-28', '1', '2023-04-16 17:20:52', NULL, 'AC', 'UE'),
(561, '39500-48', 'CATRIDGE Y CARTUCHO', 3, 28, '4-28', '1', '2023-04-16 17:20:52', NULL, 'AC', 'UE');
INSERT INTO `categorias` (`id`, `codigo`, `descripcion`, `nivel`, `padre`, `ruta`, `hijos`, `fecha_registro`, `fecha_modificacion`, `estado`, `sigla`) VALUES
(562, '39500-49', 'TRANSPORTADOR PARA GRAFO', 3, 28, '4-28', '0', '2023-04-16 17:20:52', NULL, 'AC', 'UE'),
(564, '39700-2', 'ADAPTADOR', 3, 30, '4-30', '1', '2023-04-16 17:20:52', NULL, 'AC', 'ME'),
(565, '39700-3', 'AISLADOR ELECTRICO', 3, 30, '4-30', '0', '2023-04-16 17:20:52', NULL, 'AC', 'ME'),
(566, '39700-4', 'ALARGADOR ELECTRICO', 3, 30, '4-30', '1', '2023-04-16 17:20:52', NULL, 'AC', 'ME'),
(567, '39700-5', 'ARRANCADOR', 3, 30, '4-30', '1', '2023-04-16 17:20:52', NULL, 'AC', 'ME'),
(568, '39700-6', 'BANCO DE  BATERIA', 3, 30, '4-30', '0', '2023-04-16 17:20:52', NULL, 'AC', 'ME'),
(569, '39700-7', 'CABLE', 3, 30, '4-30', '1', '2023-04-16 17:20:52', NULL, 'AC', 'ME'),
(570, '39700-8', 'CAJA', 3, 30, '4-30', '1', '2023-04-16 17:20:52', NULL, 'AC', 'ME'),
(572, '39700-10', 'CARGADOR DE BATERIA', 3, 30, '4-30', '1', '2023-04-16 17:20:52', NULL, 'AC', 'ME'),
(573, '39700-11', 'CHAPA', 3, 30, '4-30', '0', '2023-04-16 17:20:52', NULL, 'AC', 'ME'),
(574, '39700-12', 'CHOQUE ELECTRICO', 3, 30, '4-30', '0', '2023-04-16 17:20:52', NULL, 'AC', 'ME'),
(575, '39700-13', 'CINTA AISLANTE', 3, 30, '4-30', '1', '2023-04-16 17:20:52', NULL, 'AC', 'ME'),
(576, '39700-14', 'CLAVIJA', 3, 30, '4-30', '1', '2023-04-16 17:20:52', NULL, 'AC', 'ME'),
(577, '39700-15', 'CONDUCTOR', 3, 30, '4-30', '0', '2023-04-16 17:20:52', NULL, 'AC', 'ME'),
(578, '39700-16', 'CONECTOR', 3, 30, '4-30', '1', '2023-04-16 17:20:52', NULL, 'AC', 'ME'),
(579, '39700-17', 'CORTAPICO', 3, 30, '4-30', '1', '2023-04-16 17:20:52', NULL, 'AC', 'ME'),
(580, '39700-18', 'DESTELLADOR', 3, 30, '4-30', '0', '2023-04-16 17:20:52', NULL, 'AC', 'ME'),
(581, '39700-19', 'DETECTOR', 3, 30, '4-30', '1', '2023-04-16 17:20:52', NULL, 'AC', 'ME'),
(582, '39700-20', 'DICROICO', 3, 30, '4-30', '0', '2023-04-16 17:20:52', NULL, 'AC', 'ME'),
(583, '39700-21', 'DISCO DURO', 3, 30, '4-30', '0', '2023-04-16 17:20:52', NULL, 'AC', 'ME'),
(584, '39700-22', 'DUCHA ELECTRICA', 3, 30, '4-30', '1', '2023-04-16 17:20:52', NULL, 'AC', 'ME'),
(585, '39700-23', 'ENCHUFE', 3, 30, '4-30', '1', '2023-04-16 17:20:52', NULL, 'AC', 'ME'),
(586, '39700-24', 'FOCO', 3, 30, '4-30', '1', '2023-04-16 17:20:52', NULL, 'AC', 'ME'),
(587, '39700-25', 'FUENTE DE PODER', 3, 30, '4-30', '0', '2023-04-16 17:20:52', NULL, 'AC', 'ME'),
(588, '39700-26', 'FUSIBLE', 3, 30, '4-30', '1', '2023-04-16 17:20:52', NULL, 'AC', 'ME'),
(589, '39700-27', 'GRAPA', 3, 30, '4-30', '1', '2023-04-16 17:20:52', NULL, 'AC', 'ME'),
(590, '39700-28', 'INTERFACE PARA COMPUTADOR', 3, 30, '4-30', '0', '2023-04-16 17:20:52', NULL, 'AC', 'ME'),
(591, '39700-29', 'INTERRUPTOR', 3, 30, '4-30', '1', '2023-04-16 17:20:52', NULL, 'AC', 'ME'),
(592, '39700-30', 'INYECTOR LASER VFL', 3, 30, '4-30', '0', '2023-04-16 17:20:52', NULL, 'AC', 'ME'),
(593, '39700-31', 'JACK', 3, 30, '4-30', '0', '2023-04-16 17:20:52', NULL, 'AC', 'ME'),
(594, '39700-32', 'KEYSTONE', 3, 30, '4-30', '0', '2023-04-16 17:20:52', NULL, 'AC', 'ME'),
(595, '39700-33', 'LAMPARA Y LUMINARIA', 3, 30, '4-30', '1', '2023-04-16 17:20:52', NULL, 'AC', 'ME'),
(596, '39700-34', 'MODULO TELEFONICO', 3, 30, '4-30', '0', '2023-04-16 17:20:52', NULL, 'AC', 'ME'),
(597, '39700-35', 'MULTITOMA NEMA', 3, 30, '4-30', '0', '2023-04-16 17:20:52', NULL, 'AC', 'ME'),
(598, '39700-36', 'NEON  DE ILUMINACION', 3, 30, '4-30', '0', '2023-04-16 17:20:52', NULL, 'AC', 'ME'),
(599, '39700-37', 'OFFICE BOX', 3, 30, '4-30', '1', '2023-04-16 17:20:52', NULL, 'AC', 'ME'),
(600, '39700-38', 'PANTALLA', 3, 30, '4-30', '1', '2023-04-16 17:20:52', NULL, 'AC', 'ME'),
(601, '39700-39', 'PATCH CORD', 3, 30, '4-30', '1', '2023-04-16 17:20:52', NULL, 'AC', 'ME'),
(602, '39700-40', 'PELADOR DE CABLE', 3, 30, '4-30', '1', '2023-04-16 17:20:52', NULL, 'AC', 'ME'),
(603, '39700-41', 'PELICULA PARA FAX', 3, 30, '4-30', '0', '2023-04-16 17:20:52', NULL, 'AC', 'ME'),
(604, '39700-42', 'PILA Y BATERIA', 3, 30, '4-30', '1', '2023-04-16 17:20:52', NULL, 'AC', 'ME'),
(605, '39700-43', 'PINZA AMPERIMETRICA', 3, 30, '4-30', '0', '2023-04-16 17:20:52', NULL, 'AC', 'ME'),
(606, '39700-44', 'PLACA', 3, 30, '4-30', '1', '2023-04-16 17:20:52', NULL, 'AC', 'ME'),
(607, '39700-45', 'PONCHADOR DE IMPACTO', 3, 30, '4-30', '0', '2023-04-16 17:20:52', NULL, 'AC', 'ME'),
(608, '39700-46', 'PULSADOR DE TIMBRE', 3, 30, '4-30', '1', '2023-04-16 17:20:52', NULL, 'AC', 'ME'),
(609, '39700-47', 'REACTANCIA', 3, 30, '4-30', '1', '2023-04-16 17:20:52', NULL, 'AC', 'ME'),
(610, '39700-48', 'REGLETA TELEFONICA', 3, 30, '4-30', '1', '2023-04-16 17:20:52', NULL, 'AC', 'ME'),
(611, '39700-49', 'REGULADOR DE VOLTAJE', 3, 30, '4-30', '1', '2023-04-16 17:20:52', NULL, 'AC', 'ME'),
(612, '39700-50', 'RIEL PERFORADO', 3, 30, '4-30', '0', '2023-04-16 17:20:52', NULL, 'AC', 'ME'),
(613, '39700-51', 'ROSETA', 3, 30, '4-30', '1', '2023-04-16 17:20:52', NULL, 'AC', 'ME'),
(614, '39700-52', 'SIRENA', 3, 30, '4-30', '1', '2023-04-16 17:20:52', NULL, 'AC', 'ME'),
(615, '39700-53', 'SOQUET ELECTRICO', 3, 30, '4-30', '1', '2023-04-16 17:20:52', NULL, 'AC', 'ME'),
(616, '39700-54', 'SPORT ROBOT', 3, 30, '4-30', '0', '2023-04-16 17:20:52', NULL, 'AC', 'ME'),
(617, '39700-55', 'SPOT PARA FOCO', 3, 30, '4-30', '0', '2023-04-16 17:20:52', NULL, 'AC', 'ME'),
(618, '39700-56', 'TAPA DE ENCHUFE', 3, 30, '4-30', '1', '2023-04-16 17:20:52', NULL, 'AC', 'ME'),
(619, '39700-57', 'TERMICO', 3, 30, '4-30', '1', '2023-04-16 17:20:52', NULL, 'AC', 'ME'),
(620, '39700-58', 'TERMINAL', 3, 30, '4-30', '1', '2023-04-16 17:20:52', NULL, 'AC', 'ME'),
(621, '39700-59', 'TESTER', 3, 30, '4-30', '1', '2023-04-16 17:20:52', NULL, 'AC', 'ME'),
(622, '39700-60', 'TIMBRE ELECTRICO', 3, 30, '4-30', '1', '2023-04-16 17:20:52', NULL, 'AC', 'ME'),
(624, '39700-62', 'TRANSFORMADOR', 3, 30, '4-30', '1', '2023-04-16 17:20:52', NULL, 'AC', 'ME'),
(625, '39700-63', 'TRANSMISOR PASIVO', 3, 30, '4-30', '0', '2023-04-16 17:20:52', NULL, 'AC', 'ME'),
(626, '39700-64', 'TUBO PLASTICO', 3, 30, '4-30', '1', '2023-04-16 17:20:52', NULL, 'AC', 'ME'),
(627, '39700-65', 'VOLTAMPERIMETRO DIGITAL', 3, 30, '4-30', '1', '2023-04-16 17:20:52', NULL, 'AC', 'ME'),
(628, '39700-66', 'ZOCALO PARA FLUORESCENTE', 3, 30, '4-30', '1', '2023-04-16 17:20:52', NULL, 'AC', 'ME'),
(629, '39800-1', 'ABRAZADERA', 3, 26, '4-26', '0', '2023-04-16 17:20:52', NULL, 'AC', 'OR'),
(630, '39800-2', 'ACCESORIO', 3, 26, '4-26', '1', '2023-04-16 17:20:52', NULL, 'AC', 'OR'),
(631, '39800-3', 'ADAPTADORES', 3, 26, '4-26', '1', '2023-04-16 17:20:52', NULL, 'AC', 'OR'),
(632, '39800-4', 'ALARMA', 3, 26, '4-26', '1', '2023-04-16 17:20:52', NULL, 'AC', 'OR'),
(633, '39800-5', 'ALIMENTADORE', 3, 26, '4-26', '0', '2023-04-16 17:20:52', NULL, 'AC', 'OR'),
(634, '39800-6', 'ALMA PARA FRENO', 3, 26, '4-26', '0', '2023-04-16 17:20:52', NULL, 'AC', 'OR'),
(635, '39800-7', 'ANTENA', 3, 26, '4-26', '1', '2023-04-16 17:20:52', NULL, 'AC', 'OR'),
(636, '39800-8', 'APUNTADOR', 3, 26, '4-26', '0', '2023-04-16 17:20:52', NULL, 'AC', 'OR'),
(637, '39800-9', 'ARO PARA AUTOMOTOR', 3, 26, '4-26', '0', '2023-04-16 17:20:52', NULL, 'AC', 'OR'),
(639, '39800-11', 'AUDIFONO', 3, 26, '4-26', '0', '2023-04-16 17:20:52', NULL, 'AC', 'OR'),
(640, '39800-12', 'AURICULAR MANO LIBRE  ', 3, 26, '4-26', '0', '2023-04-16 17:20:52', NULL, 'AC', 'OR'),
(642, '39800-14', 'BANDEJA', 3, 26, '4-26', '0', '2023-04-16 17:20:52', NULL, 'AC', 'OR'),
(643, '39800-15', 'BATERIA', 3, 26, '4-26', '1', '2023-04-16 17:20:52', NULL, 'AC', 'OR'),
(644, '39800-16', 'BOBINA PARA ASCENSOR', 3, 26, '4-26', '0', '2023-04-16 17:20:52', NULL, 'AC', 'OR'),
(645, '39800-17', 'BOMBA', 3, 26, '4-26', '0', '2023-04-16 17:20:52', NULL, 'AC', 'OR'),
(648, '39800-20', 'BRAZO HIDRAULICO', 3, 26, '4-26', '0', '2023-04-16 17:20:52', NULL, 'AC', 'OR'),
(649, '39800-21', 'BUJE', 3, 26, '4-26', '0', '2023-04-16 17:20:52', NULL, 'AC', 'OR'),
(650, '39800-22', 'CABLE USB', 3, 26, '4-26', '0', '2023-04-16 17:20:52', NULL, 'AC', 'OR'),
(651, '39800-23', 'CAMARA WEB', 3, 26, '4-26', '1', '2023-04-16 17:20:52', NULL, 'AC', 'OR'),
(652, '39800-24', 'CAPSULA', 3, 26, '4-26', '0', '2023-04-16 17:20:52', NULL, 'AC', 'OR'),
(653, '39800-25', 'CAPTURADORA DE TV', 3, 26, '4-26', '0', '2023-04-16 17:20:52', NULL, 'AC', 'OR'),
(654, '39800-26', 'CAPUCHON PARA CONECTOR', 3, 26, '4-26', '0', '2023-04-16 17:20:52', NULL, 'AC', 'OR'),
(655, '39800-27', 'CARBON PARA MOTOR GENERADOR', 3, 26, '4-26', '0', '2023-04-16 17:20:52', NULL, 'AC', 'OR'),
(656, '39800-28', 'CARGADOR', 3, 26, '4-26', '1', '2023-04-16 17:20:52', NULL, 'AC', 'OR'),
(657, '39800-29', 'CASE PARA ORDENADOR', 3, 26, '4-26', '0', '2023-04-16 17:20:52', NULL, 'AC', 'OR'),
(658, '39800-30', 'CASSETTE CORNING', 3, 26, '4-26', '0', '2023-04-16 17:20:52', NULL, 'AC', 'OR'),
(659, '39800-31', 'CILINDROS', 3, 26, '4-26', '1', '2023-04-16 17:20:52', NULL, 'AC', 'OR'),
(660, '39800-32', 'CIRCUITO INTEGRADO', 3, 26, '4-26', '0', '2023-04-16 17:20:52', NULL, 'AC', 'OR'),
(661, '39800-33', 'COMBO MOUSE Y TECLADO USB', 3, 26, '4-26', '0', '2023-04-16 17:20:52', NULL, 'AC', 'OR'),
(662, '39800-34', 'COMPRESOR', 3, 26, '4-26', '1', '2023-04-16 17:20:52', NULL, 'AC', 'OR'),
(663, '39800-35', 'CONECTORES', 3, 26, '4-26', '0', '2023-04-16 17:20:52', NULL, 'AC', 'OR'),
(664, '39800-36', 'CONTROL REMOTO', 3, 26, '4-26', '0', '2023-04-16 17:20:52', NULL, 'AC', 'OR'),
(665, '39800-37', 'COOLING', 3, 26, '4-26', '0', '2023-04-16 17:20:52', NULL, 'AC', 'OR'),
(667, '39800-39', 'CORREA INDUSTRIAL ', 3, 26, '4-26', '0', '2023-04-16 17:20:52', NULL, 'AC', 'OR'),
(668, '39800-40', 'COUPLER', 3, 26, '4-26', '0', '2023-04-16 17:20:52', NULL, 'AC', 'OR'),
(669, '39800-41', 'CUCHILLA', 3, 26, '4-26', '0', '2023-04-16 17:20:52', NULL, 'AC', 'OR'),
(670, '39800-42', 'DESTELLADOR DE LUCES', 3, 26, '4-26', '1', '2023-04-16 17:20:52', NULL, 'AC', 'OR'),
(673, '39800-45', 'EMBREAGUE DE CASETE', 3, 26, '4-26', '0', '2023-04-16 17:20:52', NULL, 'AC', 'OR'),
(674, '39800-46', 'ENGRANAJES', 3, 26, '4-26', '0', '2023-04-16 17:20:52', NULL, 'AC', 'OR'),
(675, '39800-47', 'ENRRUTADOR INALAMBRICO', 3, 26, '4-26', '0', '2023-04-16 17:20:52', NULL, 'AC', 'OR'),
(676, '39800-48', 'RODILLO LUBRICADOR', 3, 26, '4-26', '0', '2023-04-16 17:20:52', NULL, 'AC', 'OR'),
(678, '39800-50', 'ESCOBA Y ESCOBILLA', 3, 26, '4-26', '0', '2023-04-16 17:20:52', NULL, 'AC', 'OR'),
(679, '39800-51', 'ESPACIADOR', 3, 26, '4-26', '0', '2023-04-16 17:20:52', NULL, 'AC', 'OR'),
(680, '39800-52', 'ESTRUCTURA DE SOPORTE', 3, 26, '4-26', '0', '2023-04-16 17:20:52', NULL, 'AC', 'OR'),
(681, '39800-53', 'ESTUCHE PARA CAMARA', 3, 26, '4-26', '0', '2023-04-16 17:20:52', NULL, 'AC', 'OR'),
(682, '39800-54', 'ACCESORIO Y REPUESTOS', 3, 26, '4-26', '1', '2023-04-16 17:20:52', NULL, 'AC', 'OR'),
(683, '39800-55', 'FAB DE ESPEJOS', 3, 26, '4-26', '0', '2023-04-16 17:20:52', NULL, 'AC', 'OR'),
(684, '39800-56', 'FIBRA OPTICA ', 3, 26, '4-26', '0', '2023-04-16 17:20:52', NULL, 'AC', 'OR'),
(686, '39800-58', 'FILTRO', 3, 26, '4-26', '1', '2023-04-16 17:20:52', NULL, 'AC', 'OR'),
(687, '39800-59', 'FLASH MEMORY ', 3, 26, '4-26', '1', '2023-04-16 17:20:52', NULL, 'AC', 'OR'),
(688, '39800-60', 'FLOTADOR DE NIVEL', 3, 26, '4-26', '0', '2023-04-16 17:20:52', NULL, 'AC', 'OR'),
(689, '39800-61', 'FRENO HIDRAULICO', 3, 26, '4-26', '0', '2023-04-16 17:20:52', NULL, 'AC', 'OR'),
(690, '39800-62', 'FUENTE DE ALIMENTACION', 3, 26, '4-26', '1', '2023-04-16 17:20:52', NULL, 'AC', 'OR'),
(691, '39800-63', 'GOMA', 3, 26, '4-26', '0', '2023-04-16 17:20:52', NULL, 'AC', 'OR'),
(692, '39800-64', 'HUMIDIFICADOR DE AIRE', 3, 26, '4-26', '0', '2023-04-16 17:20:52', NULL, 'AC', 'OR'),
(695, '39800-67', 'HILOS DE CORONA', 3, 26, '4-26', '0', '2023-04-16 17:20:52', NULL, 'AC', 'OR'),
(696, '39800-68', 'JUEGO DE RODILLO', 3, 26, '4-26', '0', '2023-04-16 17:20:52', NULL, 'AC', 'OR'),
(697, '39800-69', 'KIT DE MANTENIMIENTO', 3, 26, '4-26', '1', '2023-04-16 17:20:52', NULL, 'AC', 'OR'),
(698, '39800-70', 'LAMPARAS', 3, 26, '4-26', '0', '2023-04-16 17:20:52', NULL, 'AC', 'OR'),
(699, '39800-71', 'LECTOR', 3, 26, '4-26', '1', '2023-04-16 17:20:52', NULL, 'AC', 'OR'),
(700, '39800-72', 'LED FLASH PARA CAMARA', 3, 26, '4-26', '1', '2023-04-16 17:20:52', NULL, 'AC', 'OR'),
(701, '39800-73', 'LLAVE', 3, 26, '4-26', '0', '2023-04-16 17:20:52', NULL, 'AC', 'OR'),
(703, '39800-75', 'MANTILLA DE IMPRESION', 3, 26, '4-26', '1', '2023-04-16 17:20:52', NULL, 'AC', 'OR'),
(704, '39800-76', 'MEDIA CONVERTER GIGABIT', 3, 26, '4-26', '0', '2023-04-16 17:20:52', NULL, 'AC', 'OR'),
(705, '39800-77', 'MEMORIA', 3, 26, '4-26', '1', '2023-04-16 17:20:52', NULL, 'AC', 'OR'),
(706, '39800-78', 'MICROFONO INALAMBRICO', 3, 26, '4-26', '0', '2023-04-16 17:20:52', NULL, 'AC', 'OR'),
(708, '39800-80', 'MODULO', 3, 26, '4-26', '1', '2023-04-16 17:20:52', NULL, 'AC', 'OR'),
(709, '39800-81', 'MOLETON', 3, 26, '4-26', '1', '2023-04-16 17:20:52', NULL, 'AC', 'OR'),
(710, '39800-82', 'MOUSE OPTICO USB', 3, 26, '4-26', '1', '2023-04-16 17:20:52', NULL, 'AC', 'OR'),
(711, '39800-83', 'MUFA DE EMPALME ', 3, 26, '4-26', '0', '2023-04-16 17:20:52', NULL, 'AC', 'OR'),
(712, '39800-84', 'ORDENADOR  DE CABLE UTP', 3, 26, '4-26', '0', '2023-04-16 17:20:52', NULL, 'AC', 'OR'),
(714, '39800-86', 'PANEL DE CONTROL', 3, 26, '4-26', '0', '2023-04-16 17:20:52', NULL, 'AC', 'OR'),
(715, '39800-87', 'PARASOL PARA VEHICULO', 3, 26, '4-26', '0', '2023-04-16 17:20:52', NULL, 'AC', 'OR'),
(716, '39800-88', 'PASTILLA', 3, 26, '4-26', '1', '2023-04-16 17:20:52', NULL, 'AC', 'OR'),
(717, '39800-89', 'PAT DE SEPARACION DE PAPEL', 3, 26, '4-26', '0', '2023-04-16 17:20:52', NULL, 'AC', 'OR'),
(718, '39800-90', 'PATCH PANEL', 3, 26, '4-26', '1', '2023-04-16 17:20:52', NULL, 'AC', 'OR'),
(719, '39800-91', 'PELICULA', 3, 26, '4-26', '0', '2023-04-16 17:20:52', NULL, 'AC', 'OR'),
(720, '39800-92', 'PIGTAIL', 3, 26, '4-26', '0', '2023-04-16 17:20:52', NULL, 'AC', 'OR'),
(721, '39800-93', 'PORTAPAPEL DE VEHICULO', 3, 26, '4-26', '0', '2023-04-16 17:20:52', NULL, 'AC', 'OR'),
(722, '39800-94', 'PRECINTO ', 3, 26, '4-26', '0', '2023-04-16 17:20:52', NULL, 'AC', 'OR'),
(723, '39800-95', 'PROCESADOR PARA COMPUTADOR', 3, 26, '4-26', '1', '2023-04-16 17:20:52', NULL, 'AC', 'OR'),
(724, '39800-96', 'PULSADOR DE SALIDA', 3, 26, '4-26', '0', '2023-04-16 17:20:52', NULL, 'AC', 'OR'),
(725, '39800-97', 'RACK DISCO DURO', 3, 26, '4-26', '0', '2023-04-16 17:20:52', NULL, 'AC', 'OR'),
(726, '39800-98', 'RADIO', 3, 26, '4-26', '1', '2023-04-16 17:20:52', NULL, 'AC', 'OR'),
(728, '39800-100', 'REPORDUCTOR', 3, 26, '4-26', '0', '2023-04-16 17:20:52', NULL, 'AC', 'OR'),
(729, '39800-101', 'REPUESTO', 3, 26, '4-26', '1', '2023-04-16 17:20:52', NULL, 'AC', 'OR'),
(730, '39800-102', 'REVELADOR', 3, 26, '4-26', '0', '2023-04-16 17:20:52', NULL, 'AC', 'OR'),
(731, '39800-103', 'RODAMIENTO', 3, 26, '4-26', '0', '2023-04-16 17:20:52', NULL, 'AC', 'OR'),
(732, '39800-104', 'RODILLO', 3, 26, '4-26', '0', '2023-04-16 17:20:52', NULL, 'AC', 'OR'),
(733, '39800-105', 'RUEDA', 3, 26, '4-26', '0', '2023-04-16 17:20:52', NULL, 'AC', 'OR'),
(734, '39800-106', 'SENSOR', 3, 26, '4-26', '0', '2023-04-16 17:20:52', NULL, 'AC', 'OR'),
(735, '39800-107', 'SOPORTE', 3, 26, '4-26', '0', '2023-04-16 17:20:52', NULL, 'AC', 'OR'),
(736, '39800-108', 'SWING PLATE', 3, 26, '4-26', '0', '2023-04-16 17:20:52', NULL, 'AC', 'OR'),
(737, '39800-109', 'SWITCHS', 3, 26, '4-26', '0', '2023-04-16 17:20:52', NULL, 'AC', 'OR'),
(739, '39800-111', 'TARJETA', 3, 26, '4-26', '1', '2023-04-16 17:20:52', NULL, 'AC', 'OR'),
(740, '39800-112', 'TECLADO ', 3, 26, '4-26', '1', '2023-04-16 17:20:52', NULL, 'AC', 'OR'),
(741, '39800-113', 'TEFLON', 3, 26, '4-26', '0', '2023-04-16 17:20:52', NULL, 'AC', 'OR'),
(743, '39800-115', 'TERMISTOR', 3, 26, '4-26', '0', '2023-04-16 17:20:52', NULL, 'AC', 'OR'),
(744, '39800-116', 'TRABA CAPO MECANICO', 3, 26, '4-26', '0', '2023-04-16 17:20:52', NULL, 'AC', 'OR'),
(745, '39800-117', 'TRIANGULO DE SEÑALIZACION ', 3, 26, '4-26', '0', '2023-04-16 17:20:52', NULL, 'AC', 'OR'),
(746, '39800-118', 'TRIPODE', 3, 26, '4-26', '1', '2023-04-16 17:20:52', NULL, 'AC', 'OR'),
(747, '39800-119', 'TUBO', 3, 26, '4-26', '0', '2023-04-16 17:20:52', NULL, 'AC', 'OR'),
(748, '39800-120', 'UBIQUITI UNIFI LONG RANGE', 3, 26, '4-26', '0', '2023-04-16 17:20:52', NULL, 'AC', 'OR'),
(749, '39800-121', 'UNIDADES', 3, 26, '4-26', '0', '2023-04-16 17:20:52', NULL, 'AC', 'OR'),
(750, '39800-122', 'VALVULA TUBULAR', 3, 26, '4-26', '0', '2023-04-16 17:20:52', NULL, 'AC', 'OR'),
(751, '39800-123', 'VENTILADOR', 3, 26, '4-26', '0', '2023-04-16 17:20:52', NULL, 'AC', 'OR'),
(761, '40001', 'primera prueba de subcategoria', 2, 756, '756', '0', '2023-04-16 17:20:52', NULL, 'AC', ''),
(763, '40002', 'segunda prueba de subcategoria', 2, 756, '756', '0', '2023-04-16 17:20:52', NULL, 'AC', ''),
(793, '41002-1', 'primera prueba de familia 41002', 3, 762, '757-762', '1', '2023-04-16 17:20:52', NULL, 'AC', ''),
(798, '41001-1', 'primera prueba de familia de 410001', 3, 760, '757-760', '1', '2023-04-16 17:20:52', NULL, 'AC', ''),
(803, '42100-1', 'prueba de familia de primera subcategoria de tercera linea', 3, 802, '801-802', '1', '2023-04-16 17:20:52', NULL, 'AC', ''),
(816, '39500-10', 'MOJADEDO', 3, 28, '4-28', '1', '2023-04-16 17:20:52', NULL, 'AC', 'UE'),
(818, '42100-2', 'otra prueba modificado', 3, 802, '801-802', '0', '2023-04-16 17:20:52', NULL, 'AC', ''),
(822, '43100-1', 'Insumo de prueba', 3, 821, '820-821', '1', '2023-04-16 17:20:52', NULL, 'AC', ''),
(824, '31100-8', 'ALIMENTO', 3, 7, '1-7', '1', '2023-04-16 17:20:52', NULL, 'AC', 'AB'),
(825, '31300-6', 'CORCHO', 3, 8, '1-8', '1', '2023-04-16 17:20:52', NULL, 'AC', 'PA'),
(826, '32200-10', 'BOLETA', 3, 20, '3-20', '1', '2023-04-16 17:20:52', NULL, 'AC', 'PG'),
(827, '33300-10', 'ROPA DE TRABAJO', 3, 34, '5-34', '1', '2023-04-16 17:20:52', NULL, 'AC', 'PV'),
(828, '34200-10', 'CARPICOLA', 3, 16, '2-16', '1', '2023-04-16 17:20:52', NULL, 'AC', 'PQ'),
(829, '34200-10', 'CLEFA', 3, 16, '2-16', '1', '2023-04-16 17:20:52', NULL, 'AC', 'PQ'),
(830, '34600-10', 'CHICOTILLO', 3, 15, '2-15', '1', '2023-04-16 17:20:52', NULL, 'AC', 'PM'),
(831, '34500-10', 'DISPENSADOR', 3, 14, '2-14', '1', '2023-04-16 17:20:52', NULL, 'AC', 'NM'),
(832, '34500-10', 'PORTA PAPEL', 3, 14, '2-14', '1', '2023-04-16 17:20:52', NULL, 'AC', 'NM'),
(833, '39500-10', 'ALFILER', 3, 28, '4-28', '1', '2023-04-16 17:20:52', NULL, 'AC', 'UE'),
(834, '39500-10', 'ALMOHADILLA', 3, 28, '4-28', '1', '2023-04-16 17:20:52', NULL, 'AC', 'UE'),
(835, '39500-10', 'ARANDELA', 3, 28, '4-28', '1', '2023-04-16 17:20:52', NULL, 'AC', 'UE'),
(836, '39500-10', 'BANDEJA', 3, 28, '4-28', '1', '2023-04-16 17:20:52', NULL, 'AC', 'UE'),
(837, '34500-10', 'TACHO', 3, 14, '2-14', '1', '2023-04-16 17:20:52', NULL, 'AC', 'NM'),
(838, '34500-10', 'TAPA DE INODORO', 3, 14, '2-14', '1', '2023-04-16 17:20:52', NULL, 'AC', 'NM'),
(839, '39500-10', 'BANDERITA ADHESIVA', 3, 28, '4-28', '1', '2023-04-16 17:20:52', NULL, 'AC', 'UE'),
(840, '34500-10', 'TAPON PARA CAÑERIA', 3, 14, '2-14', '1', '2023-04-16 17:20:52', NULL, 'AC', 'NM'),
(841, '39500-10', 'NOTA ADHESIVA', 3, 28, '4-28', '1', '2023-04-16 17:20:52', NULL, 'AC', 'UE'),
(842, '39500-10', 'BOLIGRAFO', 3, 28, '4-28', '1', '2023-04-16 17:20:52', NULL, 'AC', 'UE'),
(843, '39500-10', 'GOMAS DE BORRAR', 3, 28, '4-28', '1', '2023-04-16 17:20:52', NULL, 'AC', 'UE'),
(844, '39500-10', 'CARTAPACIO', 3, 28, '4-28', '1', '2023-04-16 17:20:52', NULL, 'AC', 'UE'),
(845, '39500-10', 'CHINCHE', 3, 28, '4-28', '1', '2023-04-16 17:20:52', NULL, 'AC', 'UE'),
(846, '39500-10', 'CINTA DE EMBALAJE', 3, 28, '4-28', '1', '2023-04-16 17:20:52', NULL, 'AC', 'UE'),
(847, '39500-10', 'CINTA MASKING', 3, 28, '4-28', '1', '2023-04-16 17:20:52', NULL, 'AC', 'UE'),
(848, '39500-10', 'DISCO COMPACTO', 3, 28, '4-28', '1', '2023-04-16 17:20:52', NULL, 'AC', 'UE'),
(849, '39100-9', 'MATERIAL DE LIMPIEZA', 3, 23, '4-23', '1', '2023-04-16 17:20:52', NULL, 'AC', 'ML'),
(850, '39500-10', 'ENGRAPADORA', 3, 28, '4-28', '1', '2023-04-16 17:20:52', NULL, 'AC', 'UE'),
(851, '39500-10', 'ESTILETE', 3, 28, '4-28', '1', '2023-04-16 17:20:52', NULL, 'AC', 'UE'),
(852, '39500-10', 'ESTUCHE', 3, 28, '4-28', '1', '2023-04-16 17:20:52', NULL, 'AC', 'UE'),
(853, '39500-10', 'ETIQUETA  AUTOADHESIVA', 3, 28, '4-28', '1', '2023-04-16 17:20:52', NULL, 'AC', 'UE'),
(854, '39500-10', 'FASTENER', 3, 28, '4-28', '1', '2023-04-16 17:20:52', NULL, 'AC', 'UE'),
(855, '39500-10', 'FOLDER PLASTICO', 3, 28, '4-28', '1', '2023-04-16 17:20:52', NULL, 'AC', 'UE'),
(856, '39500-10', 'FUNDA', 3, 28, '4-28', '1', '2023-04-16 17:20:52', NULL, 'AC', 'UE'),
(857, '39500-10', 'GOMA PARA SELLO', 3, 28, '4-28', '1', '2023-04-16 17:20:52', NULL, 'AC', 'UE'),
(858, '39500-10', 'GRAFO PARA IMPRENTA', 3, 28, '4-28', '1', '2023-04-16 17:20:52', NULL, 'AC', 'UE'),
(859, '39500-10', 'INDICE ALFABETICO', 3, 28, '4-28', '1', '2023-04-16 17:20:52', NULL, 'AC', 'UE'),
(860, '39500-10', 'LAPIZ', 3, 28, '4-28', '1', '2023-04-16 17:20:52', NULL, 'AC', 'UE'),
(861, '39500-10', 'MARCADOR', 3, 28, '4-28', '0', '2023-04-16 17:20:52', NULL, 'AC', 'UE'),
(862, '39500-10', 'MARCADOR', 3, 28, '4-28', '1', '2023-04-16 17:20:52', NULL, 'AC', 'UE'),
(863, '39500-10', 'MICROPUNTA', 3, 28, '4-28', '1', '2023-04-16 17:20:52', NULL, 'AC', 'UE'),
(864, '39500-10', 'ORGANIZADOR DE ESCRITORIO', 3, 28, '4-28', '1', '2023-04-16 17:20:52', NULL, 'AC', 'UE'),
(865, '39500-10', 'PAD MOUSE', 3, 28, '4-28', '0', '2023-04-16 17:20:52', NULL, 'AC', 'UE'),
(866, '39500-10', 'PAD MOUSE', 3, 28, '4-28', '1', '2023-04-16 17:20:52', NULL, 'AC', 'UE'),
(867, '39500-10', 'STENSIL', 3, 28, '4-28', '1', '2023-04-16 17:20:52', NULL, 'AC', 'UE'),
(868, '39500-10', 'PEGAMENTO EN BARRA', 3, 28, '4-28', '1', '2023-04-16 17:20:52', NULL, 'AC', 'UE'),
(869, '39500-10', 'PERFORADORA', 3, 28, '4-28', '1', '2023-04-16 17:20:52', NULL, 'AC', 'UE'),
(870, '39500-10', 'PESTAÑAS', 3, 28, '4-28', '1', '2023-04-16 17:20:52', NULL, 'AC', 'UE'),
(871, '39500-10', 'PORTA CLIP', 3, 28, '4-28', '1', '2023-04-16 17:20:52', NULL, 'AC', 'UE'),
(872, '39500-10', 'PORTA DISKETTES', 3, 28, '4-28', '1', '2023-04-16 17:20:52', NULL, 'AC', 'UE'),
(873, '39500-10', 'PORTA LAPIZ', 3, 28, '4-28', '1', '2023-04-16 17:20:52', NULL, 'AC', 'UE'),
(874, '39500-10', 'PORTA REVISTA', 3, 28, '4-28', '1', '2023-04-16 17:20:52', NULL, 'AC', 'UE'),
(875, '39500-10', 'PORTA CINTA ADHESIVA', 3, 28, '4-28', '1', '2023-04-16 17:20:52', NULL, 'AC', 'UE'),
(876, '39500-10', 'PORTA SELLO', 3, 28, '4-28', '1', '2023-04-16 17:20:52', NULL, 'AC', 'UE'),
(877, '39500-10', 'PORTA CUBO', 3, 28, '4-28', '1', '2023-04-16 17:20:52', NULL, 'AC', 'UE'),
(878, '39500-10', 'PORTA DOCUMENTO', 3, 28, '4-28', '1', '2023-04-16 17:20:52', NULL, 'AC', 'UE'),
(879, '39500-10', 'PORTAMINA', 3, 28, '4-28', '1', '2023-04-16 17:20:52', NULL, 'AC', 'UE'),
(880, '39500-10', 'PROTECTOR DE PANTALLA', 3, 28, '4-28', '1', '2023-04-16 17:20:52', NULL, 'AC', 'UE'),
(881, '39500-10', 'FUNDA PARA MONITOR', 3, 28, '4-28', '1', '2023-04-16 17:20:52', NULL, 'AC', 'UE'),
(882, '39500-10', 'RESALTADOR', 3, 28, '4-28', '1', '2023-04-16 17:20:52', NULL, 'AC', 'UE'),
(883, '39500-10', 'SUJETA PAPEL BINDER', 3, 28, '4-28', '1', '2023-04-16 17:20:52', NULL, 'AC', 'UE'),
(884, '39500-10', 'TAPA PARA  DISCO COMPACTO', 3, 28, '4-28', '1', '2023-04-16 17:20:52', NULL, 'AC', 'UE'),
(885, '39500-10', 'TIJERA', 3, 28, '4-28', '1', '2023-04-16 17:20:52', NULL, 'AC', 'UE'),
(886, '39500-10', 'TINTA ROLL-ON', 3, 28, '4-28', '1', '2023-04-16 17:20:52', NULL, 'AC', 'UE'),
(887, '39500-10', 'TUBO DE MINA', 3, 28, '4-28', '1', '2023-04-16 17:20:52', NULL, 'AC', 'UE'),
(888, '39500-10', 'TONER PARA IMPRESORA', 3, 28, '4-28', '1', '2023-04-16 17:20:52', NULL, 'AC', 'UE'),
(889, '39400-10', 'ALGODON', 3, 22, '4-22', '1', '2023-04-16 17:20:52', NULL, 'AC', 'IM'),
(890, '39700-10', 'BASTON ', 3, 30, '4-30', '1', '2023-04-16 17:20:52', NULL, 'AC', 'ME'),
(891, '39700-10', 'BATERIA ', 3, 30, '4-30', '1', '2023-04-16 17:20:52', NULL, 'AC', 'ME'),
(892, '39500-10', 'PAPEL MULTICOLOR', 3, 28, '4-28', '1', '2023-04-16 17:20:52', NULL, 'AC', 'UE'),
(893, '39500-10', 'ARCHIVADOR', 3, 28, '4-28', '1', '2023-04-16 17:20:52', NULL, 'AC', 'UE'),
(894, '39500-10', 'FOLDER CARTULINA', 3, 28, '4-28', '1', '2023-04-16 17:20:52', NULL, 'AC', 'UE'),
(895, '39500-10', 'TONER PARA FOTOCOPIADORA', 3, 28, '4-28', '1', '2023-04-16 17:20:52', NULL, 'AC', 'UE'),
(896, '39500-10', 'CINTA PARA IMPRESORA', 3, 28, '4-28', '1', '2023-04-16 17:20:52', NULL, 'AC', 'UE'),
(897, '39500-10', 'BORRADOR CON ESCOBILLA', 3, 28, '4-28', '1', '2023-04-16 17:20:52', NULL, 'AC', 'UE'),
(898, '39500-10', 'TRANSPARENCIA', 3, 28, '4-28', '1', '2023-04-16 17:20:52', NULL, 'AC', 'UE'),
(899, '39500-10', 'TINTA', 3, 28, '4-28', '1', '2023-04-16 17:20:52', NULL, 'AC', 'UE'),
(901, '39500-10', 'TAMBOR DE FOTOCOPIADORA', 3, 28, '4-28', '1', '2023-04-16 17:20:52', NULL, 'AC', 'UE'),
(902, '39500-10', 'CINTA PARA MAQUINA DE ESCRIBIR', 3, 28, '4-28', '1', '2023-04-16 17:20:52', NULL, 'AC', 'UE'),
(903, '39500-10', 'CINTA PARA BACK', 3, 28, '4-28', '1', '2023-04-16 17:20:52', NULL, 'AC', 'UE'),
(904, '39500-10', 'CINTA PARA CALCULAR', 3, 28, '4-28', '1', '2023-04-16 17:20:52', NULL, 'AC', 'UE'),
(905, '39500-10', 'PORTA DOCUMENTO', 3, 28, '4-28', '1', '2023-04-16 17:20:52', NULL, 'AC', 'UE'),
(906, '33300-10', 'LENTES DE TRABAJO', 3, 34, '5-34', '1', '2023-04-16 17:20:52', NULL, 'AC', 'PV'),
(907, '33300-10', 'CAMISA', 3, 34, '5-34', '1', '2023-04-16 17:20:52', NULL, 'AC', 'PV'),
(908, '33300-10', 'PROTECTOR PARA CASCO', 3, 34, '5-34', '1', '2023-04-16 17:20:52', NULL, 'AC', 'PV'),
(909, '32200-10', 'CARTULINA CAMBRIC', 3, 20, '3-20', '1', '2023-04-16 17:20:52', NULL, 'AC', 'PG'),
(910, '31200-1', 'ALIMENTO PARA ANIMALES', 3, 6, '1-6', '1', '2023-04-16 17:20:52', NULL, 'AC', 'AA'),
(911, '34600-10', 'PLACAS DE CTP - IMPRENTA', 3, 15, '2-15', '1', '2023-04-16 17:20:52', NULL, 'AC', 'PM'),
(912, '39500-10', 'PEGAMENTO LIQUIDO', 3, 28, '4-28', '1', '2023-04-16 17:20:52', NULL, 'AC', 'UE'),
(913, '39500-10', 'GOMA EVA', 3, 28, '4-28', '0', '2023-04-16 17:20:52', NULL, 'AC', 'UE'),
(914, '33300-10', 'CASCO DE SEGURIDAD', 3, 34, '5-34', '1', '2023-04-16 17:20:52', NULL, 'AC', 'PV'),
(915, '39800-99', 'CONECTOR DE CIGARRERA', 3, 26, '4-26', '1', '2023-04-16 17:20:52', NULL, 'AC', 'OR'),
(916, '34600-10', 'VOLANDA', 3, 15, '2-15', '1', '2023-04-16 17:20:52', NULL, 'AC', 'PM'),
(917, '34600-10', 'MANGUERA DE SEGURIDAD', 3, 15, '2-15', '1', '2023-04-16 17:20:52', NULL, 'AC', 'PM'),
(918, '32100-10', 'PAPEL PLANTILLA', 3, 18, '3-18', '1', '2023-04-16 17:20:52', NULL, 'AC', 'PE'),
(919, '39600-1', 'GOMA EVA', 3, 29, '4-29', '1', '2023-04-16 17:20:52', NULL, 'AC', 'EC'),
(920, '34600-10', 'REGILLA DE BRONCE', 3, 15, '2-15', '1', '2023-04-16 17:20:52', NULL, 'AC', 'PM'),
(921, '39700-9', 'CAPUCHON ', 3, 30, '4-30', '1', '2023-04-16 17:20:52', NULL, 'AC', 'ME'),
(922, '39700-10', 'ORDENADOR', 3, 30, '4-30', '1', '2023-04-16 17:20:52', NULL, 'AC', 'ME'),
(923, '39700-10', 'PRECINTO DE SEGURIDAD', 3, 30, '4-30', '1', '2023-04-16 17:20:52', NULL, 'AC', 'ME'),
(924, '39700-10', 'TERMOCONTRAIBLE', 3, 30, '4-30', '1', '2023-04-16 17:20:52', NULL, 'AC', 'ME'),
(925, '39800-100', 'REPUESTO PARA HANDY', 3, 26, '4-26', '1', '2023-04-16 17:20:52', NULL, 'AC', 'OR'),
(926, '34600-10', 'PERNO Y VOLANDA', 3, 15, '2-15', '1', '2023-04-16 17:20:52', NULL, 'AC', 'PM'),
(927, '34500-10', 'PUNZONES Y DISCOS', 3, 14, '2-14', '1', '2023-04-16 17:20:52', NULL, 'AC', 'NM'),
(928, '34200-10', 'SELLA ROSCA', 3, 16, '2-16', '1', '2023-04-16 17:20:52', NULL, 'AC', 'PQ'),
(929, '34600-10', 'VALVULA DE RETENCION', 3, 15, '2-15', '1', '2023-04-16 17:20:52', NULL, 'AC', 'PM'),
(930, '34600-10', 'CHUPADOR ', 3, 15, '2-15', '1', '2023-04-16 17:20:52', NULL, 'AC', 'PM'),
(931, '34500-10', 'BUZON (BASURESO)', 3, 14, '2-14', '1', '2023-04-16 17:20:52', NULL, 'AC', 'NM'),
(932, '39800-100', 'INYECTOR POE', 3, 26, '4-26', '1', '2023-04-16 17:20:52', NULL, 'AC', 'OR'),
(933, '39800-100', 'TARJETA PARA COCINA ELECTRICA', 3, 26, '4-26', '1', '2023-04-16 17:20:52', NULL, 'AC', 'OR'),
(934, '34800-10', 'PATA Y CABRA', 3, 10, '2-10', '1', '2023-04-16 17:20:52', NULL, 'AC', 'HM'),
(935, '39600-2', 'PISTOLA PARA SILICONA', 3, 29, '4-29', '1', '2023-04-16 17:20:52', NULL, 'AC', 'EC'),
(936, '34800-10', 'TIJERA  HOJALETERO', 3, 10, '2-10', '1', '2023-04-16 17:20:52', NULL, 'AC', 'HM'),
(937, '39600-3', 'BARRA DE SILICONA', 3, 29, '4-29', '1', '2023-04-16 17:20:52', NULL, 'AC', 'EC'),
(938, '34600-10', 'ESCUADRA ANGULAR', 3, 15, '2-15', '1', '2023-04-16 17:20:52', NULL, 'AC', 'PM'),
(939, '34500-10', 'CONO DE SEÑALIZACION', 3, 14, '2-14', '1', '2023-04-16 17:20:52', NULL, 'AC', 'NM'),
(940, '39800-100', 'CABLE CONECTOR', 3, 26, '4-26', '1', '2023-04-16 17:20:52', NULL, 'AC', 'OR'),
(941, '39100-10', 'SANITIZADOR DE MANOS', 3, 23, '4-23', '1', '2023-04-16 17:20:52', NULL, 'AC', 'ML'),
(942, '34600-10', 'STAND', 3, 15, '2-15', '1', '2023-04-16 17:20:52', NULL, 'AC', 'PM'),
(943, '39500-10', 'TONER PARA FAX', 3, 28, '4-28', '1', '2023-04-16 17:20:52', NULL, 'AC', 'UE'),
(944, '34200-10', 'GOMA DE TUBO CENTRAL', 3, 16, '2-16', '1', '2023-04-16 17:20:52', NULL, 'AC', 'PQ'),
(945, '39800-100', 'CABLE HDMI', 3, 26, '4-26', '1', '2023-04-16 17:20:52', NULL, 'AC', 'OR'),
(946, '34600-10', 'RODAMIENTO', 3, 15, '2-15', '1', '2023-04-16 17:20:52', NULL, 'AC', 'PM'),
(947, '34600-10', 'DISPOSITIVO METALICO', 3, 15, '2-15', '1', '2023-04-16 17:20:52', NULL, 'AC', 'PM'),
(948, '34600-10', 'ESTRCTURA PARA SOPORTE', 3, 15, '2-15', '1', '2023-04-16 17:20:52', NULL, 'AC', 'PM'),
(949, '34600-10', 'CONTACTO MAGNETICO', 3, 15, '2-15', '1', '2023-04-16 17:20:52', NULL, 'AC', 'PM'),
(950, '34600-10', 'BOTON DE APERTURA PARA PUERTA', 3, 15, '2-15', '1', '2023-04-16 17:20:52', NULL, 'AC', 'PM'),
(952, '34600-10', 'CERRADURA ELECTROMAGNETICA', 3, 15, '2-15', '1', '2023-04-16 17:20:52', NULL, 'AC', 'PM'),
(953, '34600-10', 'BRAZO HIDRAULICO', 3, 15, '2-15', '1', '2023-04-16 17:20:52', NULL, 'AC', 'PM'),
(954, '39800-100', 'TARJETA', 3, 26, '4-26', '1', '2023-04-16 17:20:52', NULL, 'AC', 'OR'),
(955, '39100-10', 'AIRE COMPRIMIDO PARA LIMPIEZA', 3, 23, '4-23', '1', '2023-04-16 17:20:52', NULL, 'AC', 'ML'),
(956, '39700-10', 'SPOT DE LUMINARIA', 3, 30, '4-30', '1', '2023-04-16 17:20:52', NULL, 'AC', 'ME'),
(957, '34600-10', 'LLAVE FINAL', 3, 15, '2-15', '1', '2023-04-16 17:20:52', NULL, 'AC', 'PM'),
(958, '39800-100', 'CABLE DE PODER', 3, 26, '4-26', '1', '2023-04-16 17:20:52', NULL, 'AC', 'OR'),
(959, '34200-10', 'MOJADEDO', 3, 16, '2-16', '1', '2023-04-16 17:20:52', NULL, 'AC', 'PQ'),
(960, '34500-10', 'BIDON', 3, 14, '2-14', '1', '2023-04-16 17:20:52', NULL, 'AC', 'NM'),
(961, '32100-10', 'PAPEL MADERA', 3, 18, '3-18', '1', '2023-04-16 17:20:52', NULL, 'AC', 'PE'),
(962, '34600-10', 'ALUMINIO MATE', 3, 15, '2-15', '1', '2023-04-16 17:20:52', NULL, 'AC', 'PM'),
(963, '34600-10', 'TUBO DE ALUMINIO', 3, 15, '2-15', '1', '2023-04-16 17:20:52', NULL, 'AC', 'PM'),
(964, '34200-10', 'PARAMONOFENOL', 3, 16, '2-16', '1', '2023-04-16 17:20:52', NULL, 'AC', 'PQ'),
(965, '34200-10', 'YODOFORMO', 3, 16, '2-16', '1', '2023-04-16 17:20:52', NULL, 'AC', 'PQ'),
(966, '39400-10', 'FRESA DIAMANTE DENTAL', 3, 22, '4-22', '1', '2023-04-16 17:20:52', NULL, 'AC', 'IM'),
(967, '34200-10', 'IONÃ“MERO DE VIDRIO', 3, 16, '2-16', '1', '2023-04-16 17:20:52', NULL, 'AC', 'PQ'),
(968, '34200-10', 'HIPOCLORITO DE SODIO', 3, 16, '2-16', '1', '2023-04-16 17:20:52', NULL, 'AC', 'PQ'),
(969, '39400-10', 'TIRA DE CELULOIDE', 3, 22, '4-22', '1', '2023-04-16 17:20:52', NULL, 'AC', 'IM'),
(970, '39400-10', 'PERNO DE REFUERZO', 3, 22, '4-22', '1', '2023-04-16 17:20:52', NULL, 'AC', 'IM'),
(971, '39400-10', 'CORONAS DE CELULOIDE', 3, 22, '4-22', '1', '2023-04-16 17:20:52', NULL, 'AC', 'IM'),
(972, '39400-10', 'CEPILLO PARA PROFILAXIS', 3, 22, '4-22', '1', '2023-04-16 17:20:52', NULL, 'AC', 'IM'),
(973, '39400-10', 'CINTA METALICA', 3, 22, '4-22', '1', '2023-04-16 17:20:52', NULL, 'AC', 'IM'),
(974, '39400-10', 'TIRA DE LIJA METALICA', 3, 22, '4-22', '1', '2023-04-16 17:20:52', NULL, 'AC', 'IM'),
(975, '34200-10', 'ALGODÓN', 3, 16, '2-16', '1', '2023-04-16 17:20:52', NULL, 'AC', 'PQ'),
(976, '33200-10', 'TOALLA', 3, 32, '5-32', '1', '2023-04-16 17:20:52', NULL, 'AC', 'CT'),
(977, '34800-10', 'PISTOLA PARA SILICONA', 3, 10, '2-10', '1', '2023-04-16 17:20:52', NULL, 'AC', 'HM'),
(978, '34500-10', 'ESTRUCTURA DE AISLAMIENTO', 3, 14, '2-14', '1', '2023-04-16 17:20:52', NULL, 'AC', 'NM'),
(979, '34600-10', 'METALICO', 3, 15, '2-15', '1', '2023-04-16 17:20:52', NULL, 'AC', 'PM'),
(980, '39500-10', 'PUNTERO LASER', 3, 28, '4-28', '1', '2023-04-16 17:20:52', NULL, 'AC', 'UE'),
(981, '34800-10', 'HERRAMIENTAS MENORES', 3, 10, '2-10', '1', '2023-04-16 17:20:52', NULL, 'AC', 'HM'),
(982, '34200-10', 'PRODUCTO QUIMICO Y FARMASEUTICO', 3, 16, '2-16', '1', '2023-04-16 17:20:52', NULL, 'AC', 'PQ'),
(983, '39100-10', 'FRANELA', 3, 23, '4-23', '1', '2023-04-16 17:20:52', NULL, 'AC', 'ML'),
(984, '39100-10', 'DESINFECTANTE PARA PISOS', 3, 23, '4-23', '0', '2023-04-16 17:20:52', NULL, 'AC', 'ML'),
(985, '39100-10', 'REMOVEDOR', 3, 23, '4-23', '1', '2023-04-16 17:20:52', NULL, 'AC', 'ML'),
(986, '34400-9', 'CUERINA', 3, 13, '2-13', '1', '2023-04-16 17:20:52', NULL, 'AC', 'PC'),
(987, '39800-100', 'REPUESTOS Y ACCESORIOS', 3, 26, '4-26', '1', '2023-04-16 17:20:52', NULL, 'AC', 'OR'),
(988, '39400-10', 'CAVITRON', 3, 22, '4-22', '1', '2023-04-16 17:20:52', NULL, 'AC', 'IM'),
(989, '39700-10', 'MEDIDOR', 3, 30, '4-30', '1', '2023-04-16 17:20:52', NULL, 'AC', 'ME'),
(990, '39500-10', 'PELICULA', 3, 28, '4-28', '1', '2023-04-16 17:20:52', NULL, 'AC', 'UE'),
(991, '34500-10', 'PRECINTO DE SEGURIDAD', 3, 14, '2-14', '1', '2023-04-16 17:20:52', NULL, 'AC', 'NM'),
(992, '34500-10', 'TARJETA PVC', 3, 14, '2-14', '1', '2023-04-16 17:20:52', NULL, 'AC', 'NM'),
(993, '39800-100', 'VALVULA', 3, 26, '4-26', '1', '2023-04-16 17:20:52', NULL, 'AC', 'OR'),
(996, '34500-10', 'BUZON', 3, 14, '2-14', '1', '2023-04-16 17:20:52', NULL, 'AC', 'NM'),
(997, '39800-100', 'BUMPER PARA PARLANTE', 3, 26, '4-26', '1', '2023-04-16 17:20:52', NULL, 'AC', 'OR'),
(998, '39800-100', 'PEDESTAL PARA MICROFONO', 3, 26, '4-26', '1', '2023-04-16 17:20:52', NULL, 'AC', 'OR'),
(999, '39800-100', 'BROCHE PARA PARLANTE', 3, 26, '4-26', '1', '2023-04-16 17:20:52', NULL, 'AC', 'OR'),
(1000, '39800-100', 'BAMPER PARA PARLANTE', 3, 26, '4-26', '1', '2023-04-16 17:20:52', NULL, 'AC', 'OR'),
(1002, '39800-100', 'ANCLAJE PARA COLGADO', 3, 26, '4-26', '1', '2023-04-16 17:20:52', NULL, 'AC', 'OR'),
(1003, '34100-9', 'GAS', 3, 9, '2-9', '1', '2023-04-16 17:20:52', NULL, 'AC', 'CL'),
(1004, '39800-100', 'PLACA', 3, 26, '4-26', '1', '2023-04-16 17:20:52', NULL, 'AC', 'OR'),
(1005, '34500-10', 'STIKERS', 3, 14, '2-14', '1', '2023-04-16 17:20:52', NULL, 'AC', 'NM'),
(1006, '39400-10', 'DISCO', 3, 22, '4-22', '1', '2023-04-16 17:20:52', NULL, 'AC', 'IM'),
(1010, '32500-3', 'BOLITINES', 3, 19, '3-19', '0', '2023-04-16 17:20:52', NULL, 'AC', 'PP'),
(1011, '32500-4', 'GACETAS OFICIALES', 3, 19, '3-19', '1', '2023-04-16 17:20:52', NULL, 'AC', 'PP'),
(1012, '39800-100', 'SOPORTE DE MONITOR', 3, 26, '4-26', '1', '2023-04-16 17:20:52', NULL, 'AC', 'OR'),
(1013, '34500-10', 'CINTA PARA CREDENCIAL', 3, 14, '2-14', '1', '2023-04-16 17:20:52', NULL, 'AC', 'NM'),
(1014, '33300-10', 'SACO PARA CHEF', 3, 34, '5-34', '1', '2023-04-16 17:20:52', NULL, 'AC', 'PV'),
(1015, '39400-10', 'PLICOMETRO USO MEDICO', 3, 22, '4-22', '1', '2023-04-16 17:20:52', NULL, 'AC', 'IM'),
(1016, '39800-100', 'KIT DE HERRAMIENTA', 3, 26, '4-26', '1', '2023-04-16 17:20:52', NULL, 'AC', 'OR'),
(1017, '39800-100', 'INALÁMBRICO', 3, 26, '4-26', '1', '2023-04-16 17:20:52', NULL, 'AC', 'OR'),
(1018, '39800-100', 'BASE AJUSTABLE PARA LAPTO', 3, 26, '4-26', '1', '2023-04-16 17:20:52', NULL, 'AC', 'OR'),
(1019, '39600-4', 'FOLDER PLASTIFICADO', 3, 29, '4-29', '1', '2023-04-16 17:20:52', NULL, 'AC', 'EC'),
(1020, '39600-5', 'BOLIGRAFO TOUCH, MATERIAL, PLASTICO', 3, 29, '4-29', '1', '2023-04-16 17:20:52', NULL, 'AC', 'EC'),
(1021, '33200-10', 'LOGOTIPO EN LANA', 3, 32, '5-32', '1', '2023-04-16 17:20:52', NULL, 'AC', 'CT'),
(1022, '33300-10', 'MASCARA RESPIRADOR', 3, 34, '5-34', '1', '2023-04-16 17:20:52', NULL, 'AC', 'PV'),
(1023, '39500-10', 'CARPICOLA', 3, 28, '4-28', '1', '2023-04-16 17:20:52', NULL, 'AC', 'UE'),
(1024, '39700-10', 'BALASTROS', 3, 30, '4-30', '1', '2023-04-16 17:20:52', NULL, 'AC', 'ME'),
(1025, '39700-10', 'PANELES ELÉCTRICOS', 3, 30, '4-30', '1', '2023-04-16 17:20:52', NULL, 'AC', 'ME'),
(1026, '39700-10', 'SECADOR ELECTRICO DE MANOS', 3, 30, '4-30', '1', '2023-04-16 17:20:52', NULL, 'AC', 'ME'),
(1027, '39700-10', 'TEMPORIZADOR DIGITAL', 3, 30, '4-30', '1', '2023-04-16 17:20:52', NULL, 'AC', 'ME'),
(1028, '39700-10', 'TOMAS REGLETAS', 3, 30, '4-30', '1', '2023-04-16 17:20:52', NULL, 'AC', 'ME'),
(1029, '39700-10', 'BREAKER TRIFASICO', 3, 30, '4-30', '1', '2023-04-16 17:20:52', NULL, 'AC', 'ME'),
(1030, '39700-10', 'PANELES LED', 3, 30, '4-30', '0', '2023-04-16 17:20:52', NULL, 'AC', 'ME'),
(1031, '39700-10', 'SWICH DIFERENTE AMPERAJE', 3, 30, '4-30', '1', '2023-04-16 17:20:52', NULL, 'AC', 'ME'),
(1032, '34200-10', 'SIKA', 3, 16, '2-16', '1', '2023-04-16 17:20:52', NULL, 'AC', 'PQ'),
(1033, '34200-10', 'ESPUMA EXPANSIVA', 3, 16, '2-16', '1', '2023-04-16 17:20:52', NULL, 'AC', 'PQ'),
(1034, '34200-10', 'LIMPIADOR PAVCO', 3, 16, '2-16', '1', '2023-04-16 17:20:52', NULL, 'AC', 'PQ'),
(1035, '31300-7', 'MACETAS', 3, 8, '1-8', '1', '2023-04-16 17:20:52', NULL, 'AC', 'PA'),
(1036, '39500-10', 'ESCALIMETRO', 3, 28, '4-28', '1', '2023-04-16 17:20:52', NULL, 'AC', 'UE'),
(1037, '39500-10', 'LAMINAS PARA PLASTIFICADO', 3, 28, '4-28', '1', '2023-04-16 17:20:52', NULL, 'AC', 'UE'),
(1038, '39700-10', 'CILINDRO ALURO METALICO DE DIFERENTES WATS', 3, 30, '4-30', '1', '2023-04-16 17:20:52', NULL, 'AC', 'ME'),
(1039, '34500-10', 'REDUCCIONES DE CAÑERIAS', 3, 14, '2-14', '1', '2023-04-16 17:20:52', NULL, 'AC', 'NM'),
(1040, '31300-8', 'ABONO VEGETAL, TIERRA VEGETAL PARA JARDINES', 3, 8, '1-8', '1', '2023-04-16 17:20:52', NULL, 'AC', 'PA'),
(1041, '34200-10', 'ABONO QUIMICO FERTILIZANTE UREA', 3, 16, '2-16', '1', '2023-04-16 17:20:52', NULL, 'AC', 'PQ'),
(1042, '34200-10', 'INSECTICIDA PARA CONTROL DE PLAGAS (LORBAN PLUS) 500 ml', 3, 16, '2-16', '1', '2023-04-16 17:20:52', NULL, 'AC', 'PQ'),
(1043, '34200-10', 'FUNGICIDA (FLUCTRIAFOL)', 3, 16, '2-16', '1', '2023-04-16 17:20:52', NULL, 'AC', 'PQ'),
(1044, '34200-10', 'FERTILIZANTES ', 3, 16, '2-16', '1', '2023-04-16 17:20:52', NULL, 'AC', 'PQ'),
(1045, '39500-10', 'TAMBOR DE IMPRESORA', 3, 28, '4-28', '1', '2023-04-16 17:20:52', NULL, 'AC', 'UE'),
(1046, '33200-10', 'FUNDAS PARA SILLAS', 3, 32, '5-32', '1', '2023-04-16 17:20:52', NULL, 'AC', 'CT'),
(1047, '34500-10', 'PEDILUVIO DE PLASTICO', 3, 14, '2-14', '1', '2023-04-16 17:20:52', NULL, 'AC', 'NM'),
(1048, '39400-10', 'BARBIJO', 3, 22, '4-22', '1', '2023-04-16 17:20:52', NULL, 'AC', 'IM'),
(1049, '34600-10', 'PEDILUVIO', 3, 15, '2-15', '1', '2023-04-16 17:20:52', NULL, 'AC', 'PM'),
(1050, '32200-10', 'ARCHIVADOR DE PALANCA', 3, 20, '3-20', '1', '2023-04-16 17:20:52', NULL, 'AC', 'PG'),
(1051, '34500-10', 'PULVERIZADOR/ATOMIZADOR', 3, 14, '2-14', '1', '2023-04-16 17:20:52', NULL, 'AC', 'NM'),
(1052, '34500-10', 'BALDE', 3, 14, '2-14', '1', '2023-04-16 17:20:52', NULL, 'AC', 'NM'),
(1053, '34500-10', 'GAFAS', 3, 14, '2-14', '1', '2023-04-16 17:20:52', NULL, 'AC', 'NM'),
(1054, '34500-10', 'EQUIPO DE PROTECCIÓN', 3, 14, '2-14', '1', '2023-04-16 17:20:52', NULL, 'AC', 'NM');

-- --------------------------------------------------------

--
-- Estructura de tabla para la tabla `categorias_auxiliar`
--

CREATE TABLE `categorias_auxiliar` (
  `id` bigint(20) UNSIGNED NOT NULL,
  `codigo` varchar(10) DEFAULT NULL,
  `descripcion` varchar(250) DEFAULT NULL,
  `nivel` int(11) DEFAULT NULL,
  `padre` int(11) DEFAULT NULL,
  `ruta` varchar(30) DEFAULT NULL,
  `hijos` varchar(30) DEFAULT NULL,
  `fecha_registro` datetime DEFAULT current_timestamp(),
  `fecha_modificacion` datetime DEFAULT NULL,
  `estado` varchar(2) DEFAULT 'AC',
  `sigla` varchar(5) DEFAULT NULL
) ENGINE=InnoDB DEFAULT CHARSET=utf8mb4 COLLATE=utf8mb4_general_ci;

-- --------------------------------------------------------

--
-- Estructura de tabla para la tabla `cites_funcionarios`
--

CREATE TABLE `cites_funcionarios` (
  `id` bigint(20) UNSIGNED NOT NULL,
  `id_funcionario` int(11) DEFAULT NULL,
  `gestion` int(11) DEFAULT NULL,
  `id_correlativo` int(11) DEFAULT NULL,
  `correlativo` int(11) DEFAULT NULL,
  `cite` varchar(50) DEFAULT NULL,
  `fecha_registro` datetime DEFAULT current_timestamp(),
  `fecha_modificacion` datetime DEFAULT NULL,
  `estado` varchar(2) DEFAULT 'AC'
) ENGINE=InnoDB DEFAULT CHARSET=utf8mb4 COLLATE=utf8mb4_general_ci;

--
-- Volcado de datos para la tabla `cites_funcionarios`
--

INSERT INTO `cites_funcionarios` (`id`, `id_funcionario`, `gestion`, `id_correlativo`, `correlativo`, `cite`, `fecha_registro`, `fecha_modificacion`, `estado`) VALUES
(5, 1, 2023, 1, 1, 'SICAL/ALM/INM-1/2023', '2023-06-25 12:33:57', NULL, 'AC'),
(6, 1, 2023, 2, 1, 'SICAL/ALM/SOL-1/2023', '2023-06-25 12:35:00', NULL, 'AC'),
(7, 1, 2023, 1, 2, 'SNPE/ALM/INM-2/2023', '2023-10-18 22:45:10', NULL, 'AC'),
(8, 1, 2023, 2, 2, 'SNPE/ALM/SOL-2/2023', '2023-10-18 23:28:35', NULL, 'AC'),
(9, 1, 2023, 2, 2, 'SNPE/ALM/SOL-2/2023', '2023-10-18 23:28:35', NULL, 'AC');

-- --------------------------------------------------------

--
-- Estructura de tabla para la tabla `control_access`
--

CREATE TABLE `control_access` (
  `id` bigint(20) UNSIGNED NOT NULL,
  `id_usuario` int(11) DEFAULT NULL,
  `aplicacion` int(11) DEFAULT NULL,
  `ip` varchar(20) DEFAULT NULL,
  `fecha_ingreso` datetime DEFAULT current_timestamp(),
  `estado` varchar(5) DEFAULT NULL
) ENGINE=InnoDB DEFAULT CHARSET=utf8mb4 COLLATE=utf8mb4_general_ci;

--
-- Volcado de datos para la tabla `control_access`
--

INSERT INTO `control_access` (`id`, `id_usuario`, `aplicacion`, `ip`, `fecha_ingreso`, `estado`) VALUES
(9, 1, 1, '::1', '2023-10-18 21:51:06', NULL),
(10, 1, 1, '::1', '2023-10-22 17:29:11', NULL),
(11, 1, 1, '::1', '2023-10-22 18:21:48', NULL),
(12, 1, 1, '::1', '2023-10-22 18:22:50', NULL),
(13, 1, 1, '::1', '2023-10-22 21:51:57', NULL),
(0, 1, 1, '181.188.170.238', '2023-10-22 22:06:47', NULL),
(0, 1, 1, '181.188.170.238', '2023-10-22 22:12:40', NULL),
(0, 1, 1, '181.188.170.238', '2023-10-22 22:15:30', NULL),
(0, 1, 1, '181.188.170.238', '2023-10-22 22:18:58', NULL),
(0, 1, 1, '181.115.171.125', '2023-10-24 09:15:35', NULL),
(0, 1, 1, '181.115.171.124', '2023-10-24 20:23:32', NULL),
(0, 1, 1, '181.115.171.124', '2023-10-24 20:28:49', NULL),
(0, 1, 1, '181.115.171.124', '2023-10-24 21:21:34', NULL),
(0, 1, 1, '181.115.171.124', '2023-10-24 21:22:51', NULL),
(0, 1, 1, '181.115.171.124', '2023-10-24 21:28:55', NULL),
(0, 1, 1, '181.188.170.140', '2023-11-04 08:35:52', NULL);

-- --------------------------------------------------------

--
-- Estructura de tabla para la tabla `correlativos`
--

CREATE TABLE `correlativos` (
  `id` bigint(20) UNSIGNED NOT NULL,
  `nombre_cite` varchar(30) DEFAULT NULL,
  `abreviatura` varchar(3) DEFAULT NULL,
  `descripcion` varchar(100) DEFAULT NULL,
  `estado` varchar(2) DEFAULT 'AC'
) ENGINE=InnoDB DEFAULT CHARSET=utf8mb4 COLLATE=utf8mb4_general_ci;

--
-- Volcado de datos para la tabla `correlativos`
--

INSERT INTO `correlativos` (`id`, `nombre_cite`, `abreviatura`, `descripcion`, `estado`) VALUES
(1, 'INGRESO MATERIAL', 'INM', 'CORRELATIVO DE INGRESO MATERIAL', 'AC'),
(2, 'SOLICITUD MATERIAL', 'SOL', 'CORRELATIVO DE SOLICITUD MATERIAL', 'AC'),
(3, 'ENTREGA MATERIAL', 'ENT', 'CORRELATIVO DE ENTREGA MATERIAL', 'AC');

-- --------------------------------------------------------

--
-- Estructura de tabla para la tabla `correlativos_gestion`
--

CREATE TABLE `correlativos_gestion` (
  `id` bigint(20) UNSIGNED NOT NULL,
  `id_correlativo` int(11) NOT NULL,
  `gestion` int(11) DEFAULT NULL,
  `correlativo` int(11) DEFAULT 0,
  `fecha_registro` datetime DEFAULT current_timestamp(),
  `fecha_modificacion` datetime DEFAULT NULL,
  `estado` varchar(2) DEFAULT 'AC'
) ENGINE=InnoDB DEFAULT CHARSET=utf8mb4 COLLATE=utf8mb4_general_ci;

--
-- Volcado de datos para la tabla `correlativos_gestion`
--

INSERT INTO `correlativos_gestion` (`id`, `id_correlativo`, `gestion`, `correlativo`, `fecha_registro`, `fecha_modificacion`, `estado`) VALUES
(1, 1, 2023, 2, '2023-04-16 20:19:11', '2023-10-19 04:10:10', 'AC'),
(2, 2, 2023, 2, '2023-04-16 20:19:11', '2023-10-19 05:10:35', 'AC'),
(3, 3, 2023, 0, '2023-04-16 20:19:11', NULL, 'AC');

-- --------------------------------------------------------

--
-- Estructura de tabla para la tabla `dependencia`
--

CREATE TABLE `dependencia` (
  `id` bigint(20) UNSIGNED NOT NULL,
  `id_entidad` int(11) DEFAULT NULL,
  `nombre_dependencia` text NOT NULL,
  `sigla` varchar(10) DEFAULT NULL,
  `orden` int(11) DEFAULT NULL,
  `id_ubicacion_dependencia` int(11) DEFAULT NULL,
  `sede_trabajo` varchar(2) DEFAULT NULL,
  `fecha_registro` datetime DEFAULT current_timestamp(),
  `fecha_modificacion` datetime DEFAULT NULL,
  `estado` varchar(2) DEFAULT NULL
) ENGINE=InnoDB DEFAULT CHARSET=utf8mb4 COLLATE=utf8mb4_general_ci;

--
-- Volcado de datos para la tabla `dependencia`
--

INSERT INTO `dependencia` (`id`, `id_entidad`, `nombre_dependencia`, `sigla`, `orden`, `id_ubicacion_dependencia`, `sede_trabajo`, `fecha_registro`, `fecha_modificacion`, `estado`) VALUES
(1, 1, 'GERENCIA GENERAL', 'DGE', 1, NULL, 'PO', '2023-04-16 19:09:00', '2023-04-17 01:08:31', 'AC'),
(2, 1, 'DIRECCION ADMINISTRATIVA Y FINANCIERA', 'DAF', 2, NULL, 'PO', '2023-04-16 19:09:36', '2023-04-17 01:09:14', 'AC');

-- --------------------------------------------------------

--
-- Estructura de tabla para la tabla `dominios`
--

CREATE TABLE `dominios` (
  `id` bigint(20) UNSIGNED NOT NULL,
  `concepto` varchar(30) DEFAULT NULL,
  `descripcion` varchar(60) DEFAULT NULL,
  `valor1` varchar(30) DEFAULT NULL,
  `valor2` varchar(30) DEFAULT NULL,
  `orden` int(11) DEFAULT NULL,
  `estado` varchar(2) DEFAULT 'AC'
) ENGINE=InnoDB DEFAULT CHARSET=utf8mb4 COLLATE=utf8mb4_general_ci;

--
-- Volcado de datos para la tabla `dominios`
--

INSERT INTO `dominios` (`id`, `concepto`, `descripcion`, `valor1`, `valor2`, `orden`, `estado`) VALUES
(1, 'ESTADO REGISTRO', 'TIPOS DE ESTADO DE LOS REGISTROS', 'AC', 'ACTIVO', 1, 'AC'),
(2, 'ESTADO REGISTRO', 'TIPOS DE ESTADO DE LOS REGISTROS', 'HI', 'HISTORICO', 2, 'AC'),
(3, 'ESTADO REGISTRO', 'TIPOS DE ESTADO DE LOS REGISTROS', 'AN', 'ANULADO', 3, 'AC'),
(4, 'ESTADO REGISTRO', 'TIPOS DE ESTADO DE LOS REGISTROS', 'BA', 'BAJA', 4, 'AC'),
(5, 'ESTADO REGISTRO', 'TIPOS DE ESTADO DE LOS REGISTROS', 'CON', 'CONFIRMADO', 5, 'AC'),
(6, 'ESTADO REGISTRO', 'TIPOS DE ESTADO DE LOS REGISTROS', 'PEN', 'PENDIENTE', 6, 'AC'),
(7, 'ESTADO REGISTRO', 'TIPOS DE ESTADO DE LOS REGISTROS', 'RE', 'REVISADO', 7, 'AC'),
(8, 'ESTADO REGISTRO', 'TIPOS DE ESTADO DE LOS REGISTROS', 'VE', 'VERIFICADO', 8, 'AC'),
(9, 'ESTADO REGISTRO', 'TIPOS DE ESTADO DE LOS REGISTROS', 'IN', 'INICIADO', 9, 'AC'),
(10, 'ESTADO REGISTRO', 'TIPOS DE ESTADO DE LOS REGISTROS', 'CS', 'CONSOLIDADO', 10, 'AC'),
(11, 'ESTADO REGISTRO', 'TIPOS DE ESTADO DE LOS REGISTROS', 'RC', 'RECHAZADO', 11, 'AC'),
(12, 'ESTADO REGISTRO', 'TIPOS DE ESTADO DE LOS REGISTROS', 'ELB', 'ELABORADO', 12, 'AC'),
(13, 'ESTADO REGISTRO', 'TIPOS DE ESTADO DE LOS REGISTROS', 'APB', 'APROBADO', 13, 'AC'),
(14, 'DEPARTAMENTO', 'DEPARTAMENTO DE REGISTRO', 'LP', 'LA PAZ', 1, 'AC'),
(15, 'DEPARTAMENTO', 'DEPARTAMENTO DE REGISTRO', 'CB', 'COCHABAMBA', 2, 'AC'),
(16, 'DEPARTAMENTO', 'DEPARTAMENTO DE REGISTRO', 'CH', 'CHUQUISACA', 3, 'AC'),
(17, 'DEPARTAMENTO', 'DEPARTAMENTO DE REGISTRO', 'OR', 'ORURO', 4, 'AC'),
(18, 'DEPARTAMENTO', 'DEPARTAMENTO DE REGISTRO', 'PT', 'POTOSI', 5, 'AC'),
(19, 'DEPARTAMENTO', 'DEPARTAMENTO DE REGISTRO', 'TJ', 'TARIJA', 6, 'AC'),
(20, 'DEPARTAMENTO', 'DEPARTAMENTO DE REGISTRO', 'SC', 'SANTA CRUZ', 7, 'AC'),
(21, 'DEPARTAMENTO', 'DEPARTAMENTO DE REGISTRO', 'BE', 'BENI', 8, 'AC'),
(22, 'DEPARTAMENTO', 'DEPARTAMENTO DE REGISTRO', 'PD', 'PANDO', 9, 'AC'),
(23, 'TIPO SOLICITUD', 'TIPOS DE SOLICITUD DE LOS MATERIALES', 'NOR', 'NORMAL', 1, 'AC'),
(24, 'TIPO SOLICITUD', 'TIPOS DE SOLICITUD DE LOS MATERIALES', 'EME', 'EMERGENCIA', 2, 'AC'),
(25, 'TIPO SOLICITUD', 'TIPOS DE SOLICITUD DE LOS MATERIALES', 'SGE', 'SERVICIOS GENERALES', 3, 'AC'),
(26, 'TIPO SOLICITUD', 'TIPOS DE SOLICITUD DE LOS MATERIALES', 'COM', 'COMBUSTIBLE', 4, 'AC'),
(27, 'ESTADO REGISTRO', 'TIPOS DE ESTADO DE LOS REGISTROS', 'AUT', 'AUTORIZADO', 14, 'AC'),
(28, 'TIPO PROCESO', 'DESCRIPCION MOVIMIENTOS INVENTARIO', 'INGI', 'INGRESO INCIAL', 1, 'AC'),
(29, 'TIPO PROCESO', 'DESCRIPCION MOVIMIENTOS INVENTARIO', 'INGP', 'INGRESO MATERIAL', 2, 'AC'),
(30, 'TIPO PROCESO', 'DESCRIPCION MOVIMIENTOS INVENTARIO', 'INGS', 'ACTUALIZACIÓN SALDOS', 3, 'AC'),
(31, 'TIPO PROCESO', 'DESCRIPCION MOVIMIENTOS INVENTARIO', 'SOLM', 'SOLICITUD MATERIAL', 4, 'AC'),
(32, 'TIPO SOLICITUD', 'TIPOS DE SOLICITUD DE LOS MATERIALES', 'AML', 'ALMACEN', 5, 'AC'),
(33, 'ESTADO REGISTRO', 'TIPOS DE ESTADO DE LOS REGISTROS', 'ENT', 'ENTREGADO', 14, 'AC'),
(34, 'TIPO USUARIO', 'TIPOS DE USUARIOS', 'ADM', 'ADMINISTRADOR', 1, 'AC'),
(35, 'TIPO USUARIO', 'TIPOS DE USUARIOS', 'OPE', 'OPERADOR', 2, 'AC'),
(36, 'TIPO USUARIO', 'TIPOS DE USUARIOS', 'TEC', 'TÉCNICO', 3, 'AC');

-- --------------------------------------------------------

--
-- Estructura de tabla para la tabla `entidad`
--

CREATE TABLE `entidad` (
  `id` bigint(20) UNSIGNED NOT NULL,
  `nombre_entidad` varchar(120) DEFAULT NULL,
  `sigla` varchar(20) DEFAULT NULL,
  `direccion` varchar(120) DEFAULT NULL,
  `fecha_aniversario` date DEFAULT NULL,
  `telefono` varchar(15) DEFAULT NULL,
  `telefono2` varchar(15) DEFAULT NULL,
  `direccionweb` varchar(100) DEFAULT NULL,
  `nro_nit` varchar(15) DEFAULT NULL,
  `logo` varchar(15) DEFAULT NULL,
  `valor1` varchar(100) DEFAULT NULL,
  `valor2` varchar(100) DEFAULT NULL,
  `valor3` varchar(100) DEFAULT NULL,
  `valor4` varchar(100) DEFAULT NULL,
  `valor5` varchar(100) DEFAULT NULL,
  `valor6` varchar(100) DEFAULT NULL,
  `estado` varchar(2) DEFAULT 'AC'
) ENGINE=InnoDB DEFAULT CHARSET=utf8mb4 COLLATE=utf8mb4_general_ci;

--
-- Volcado de datos para la tabla `entidad`
--

INSERT INTO `entidad` (`id`, `nombre_entidad`, `sigla`, `direccion`, `fecha_aniversario`, `telefono`, `telefono2`, `direccionweb`, `nro_nit`, `logo`, `valor1`, `valor2`, `valor3`, `valor4`, `valor5`, `valor6`, `estado`) VALUES
(1, 'FABRICA DE CLAVOS CALAMINAS (PRODUCCIÓN)', 'FABRICA_PROD', NULL, NULL, NULL, NULL, NULL, NULL, NULL, NULL, NULL, NULL, NULL, NULL, NULL, 'AC'),
(2, 'FABRICA DE CLAVOS CALAMINAS (VENTAS)', 'FABRICA_VEN', NULL, NULL, NULL, NULL, NULL, NULL, NULL, NULL, NULL, NULL, NULL, NULL, NULL, 'AC');

-- --------------------------------------------------------

--
-- Estructura de tabla para la tabla `entidad_aplicacion`
--

CREATE TABLE `entidad_aplicacion` (
  `id` bigint(20) UNSIGNED NOT NULL,
  `id_entidad` int(11) DEFAULT NULL,
  `id_aplicacion` int(11) DEFAULT NULL,
  `fecha_alta` datetime DEFAULT current_timestamp(),
  `fecha_modificacion` datetime DEFAULT NULL,
  `estado` varchar(2) DEFAULT 'AC'
) ENGINE=InnoDB DEFAULT CHARSET=utf8mb4 COLLATE=utf8mb4_general_ci;

--
-- Volcado de datos para la tabla `entidad_aplicacion`
--

INSERT INTO `entidad_aplicacion` (`id`, `id_entidad`, `id_aplicacion`, `fecha_alta`, `fecha_modificacion`, `estado`) VALUES
(1, 1, 1, '2023-04-16 16:45:32', '2023-04-16 22:45:21', 'AC'),
(2, 2, 1, '2023-04-16 16:45:32', '2023-04-16 22:45:21', 'AC');

-- --------------------------------------------------------

--
-- Estructura de tabla para la tabla `funcionario`
--

CREATE TABLE `funcionario` (
  `id` bigint(20) UNSIGNED NOT NULL,
  `id_entidad` int(11) NOT NULL,
  `tipo_documento` varchar(2) DEFAULT NULL,
  `numero_documento` int(11) DEFAULT NULL,
  `complemento` varchar(5) DEFAULT NULL,
  `extension` varchar(2) DEFAULT NULL,
  `nombres` varchar(250) DEFAULT NULL,
  `primer_apellido` varchar(50) DEFAULT NULL,
  `segundo_apellido` varchar(50) DEFAULT NULL,
  `estado_civil` varchar(2) DEFAULT NULL,
  `fecha_nacimiento` date DEFAULT NULL,
  `lugar_nacimiento` varchar(3) DEFAULT NULL,
  `sexo` varchar(2) DEFAULT NULL,
  `numero_celular` int(11) DEFAULT NULL,
  `domicilio` text DEFAULT NULL,
  `zona` text DEFAULT NULL,
  `email_personal` text DEFAULT NULL,
  `profesion` varchar(10) DEFAULT NULL,
  `numero_cuenta` varchar(15) DEFAULT NULL,
  `afp` varchar(2) DEFAULT NULL,
  `nua_cua` varchar(15) DEFAULT NULL,
  `fecha_registro` datetime DEFAULT current_timestamp(),
  `fecha_modificacion` datetime DEFAULT NULL,
  `estado` varchar(2) DEFAULT 'AC',
  `foto` tinyint(1) DEFAULT 0,
  `extension_foto` varchar(5) DEFAULT NULL,
  `banco` varchar(4) DEFAULT NULL,
  `libreta_militar` varchar(50) DEFAULT NULL
) ENGINE=InnoDB DEFAULT CHARSET=utf8mb4 COLLATE=utf8mb4_general_ci;

--
-- Volcado de datos para la tabla `funcionario`
--

INSERT INTO `funcionario` (`id`, `id_entidad`, `tipo_documento`, `numero_documento`, `complemento`, `extension`, `nombres`, `primer_apellido`, `segundo_apellido`, `estado_civil`, `fecha_nacimiento`, `lugar_nacimiento`, `sexo`, `numero_celular`, `domicilio`, `zona`, `email_personal`, `profesion`, `numero_cuenta`, `afp`, `nua_cua`, `fecha_registro`, `fecha_modificacion`, `estado`, `foto`, `extension_foto`, `banco`, `libreta_militar`) VALUES
(1, 1, 'ci', 123456, NULL, 'PO', 'DULFREDA', 'LARGO', NULL, NULL, NULL, NULL, NULL, NULL, NULL, NULL, NULL, NULL, NULL, NULL, NULL, '2023-04-16 18:25:42', '2023-04-17 00:25:10', 'AC', 0, NULL, NULL, NULL),
(2, 2, 'CI', 123456, NULL, NULL, 'DULFREDA', 'LARGO', NULL, NULL, NULL, NULL, NULL, NULL, NULL, NULL, NULL, NULL, NULL, NULL, NULL, '2023-04-16 18:26:51', '2023-04-17 00:26:26', 'AC', 0, NULL, NULL, NULL);

-- --------------------------------------------------------

--
-- Estructura de tabla para la tabla `gestion`
--

CREATE TABLE `gestion` (
  `id` bigint(20) UNSIGNED NOT NULL,
  `gestion` int(11) DEFAULT NULL,
  `fecha_alta` datetime DEFAULT current_timestamp(),
  `fecha_modificacion` datetime DEFAULT NULL,
  `estado` varchar(2) DEFAULT 'AC'
) ENGINE=InnoDB DEFAULT CHARSET=utf8mb4 COLLATE=utf8mb4_general_ci;

--
-- Volcado de datos para la tabla `gestion`
--

INSERT INTO `gestion` (`id`, `gestion`, `fecha_alta`, `fecha_modificacion`, `estado`) VALUES
(1, 2023, '2023-04-16 19:59:14', '2023-04-17 01:59:09', 'AC');

-- --------------------------------------------------------

--
-- Estructura de tabla para la tabla `ingresos`
--

CREATE TABLE `ingresos` (
  `id` bigint(20) UNSIGNED NOT NULL,
  `id_entidad` int(11) DEFAULT NULL,
  `gestion` int(11) DEFAULT NULL,
  `order_compra` varchar(100) DEFAULT NULL,
  `nota_remision` varchar(100) DEFAULT NULL,
  `nro_factura` varchar(50) DEFAULT NULL,
  `fecha_factura` date DEFAULT NULL,
  `monto_total_factura` double DEFAULT 0,
  `id_provedor` int(11) DEFAULT NULL,
  `descripcion_ingreso` text DEFAULT NULL,
  `fecha_ingreso` date DEFAULT NULL,
  `id_funcionario_registro` int(11) DEFAULT NULL,
  `fecha_registro` datetime DEFAULT current_timestamp(),
  `id_funcionario_update` int(11) DEFAULT NULL,
  `fecha_modificacion` datetime DEFAULT NULL,
  `estado` varchar(3) DEFAULT 'ELB',
  `activo` varchar(3) DEFAULT 'SI',
  `correlativo` int(11) DEFAULT NULL,
  `cite` text DEFAULT NULL,
  `fecha_nota_remision` date DEFAULT NULL
) ENGINE=InnoDB DEFAULT CHARSET=utf8mb4 COLLATE=utf8mb4_general_ci;

--
-- Volcado de datos para la tabla `ingresos`
--

INSERT INTO `ingresos` (`id`, `id_entidad`, `gestion`, `order_compra`, `nota_remision`, `nro_factura`, `fecha_factura`, `monto_total_factura`, `id_provedor`, `descripcion_ingreso`, `fecha_ingreso`, `id_funcionario_registro`, `fecha_registro`, `id_funcionario_update`, `fecha_modificacion`, `estado`, `activo`, `correlativo`, `cite`, `fecha_nota_remision`) VALUES
(1, 1, 2023, '1', '1', '1', '2023-06-01', 0, 2, 'PRUEBAS', '2023-06-25', 1, '2023-06-25 12:33:57', NULL, NULL, 'AC', 'SI', 1, 'SICAL/ALM/INM-1/2023', '2023-06-01'),
(2, 1, 2023, '10', '50', '150', '2023-10-05', 0, 2, 'DATOS DE INGRESO DE PRUEBA', '2023-10-19', 1, '2023-10-18 22:45:10', NULL, NULL, 'AC', 'SI', 2, 'SNPE/ALM/INM-2/2023', '2023-10-05'),
(0, 1, 2023, 'N° 07/2023', 'COMPRA DE ALAMBRON PARA FABRICAR CLAVOS', '742', '2023-09-19', 0, 0, 'ALAMBRON 5.5MMSAE 1018', '2023-10-24', 1, '2023-10-24 09:43:37', NULL, NULL, 'AC', 'SI', 3, 'SNPE/ALM/INM-3/2023', '2023-09-18'),
(0, 1, 2023, 'N° 07/2023', 'COMPRA DE ALAMBRON PARA FABRICAR CLAVOS', '742', '2023-09-19', 0, 0, 'ALAMBRON 5.5 MM 1018', '2023-10-24', 1, '2023-10-24 09:44:11', NULL, NULL, 'AC', 'SI', 3, 'SNPE/ALM/INM-3/2023', '2023-09-18'),
(0, 1, 2023, 'N° 07/2023', 'COMPRA DE ALAMBRON PARA FABRICAR CLAVOS', '742', '2023-09-19', 0, 0, 'ALAMBRON 5.5', '2023-10-24', 1, '2023-10-24 09:44:46', NULL, NULL, 'AC', 'SI', 3, 'SNPE/ALM/INM-3/2023', '2023-09-18'),
(0, 1, 2023, 'N° 07/2023', 'COMPRA DE ALAMBRON PARA FABRICAR CLAVOS', '742', '2023-09-19', 0, 0, 'ALAMBRON 5.5', '2023-10-24', 1, '2023-10-24 09:44:54', NULL, NULL, 'AC', 'SI', 3, 'SNPE/ALM/INM-3/2023', '2023-09-18'),
(0, 1, 2023, 'N° 07/2023', 'COMPRA DE ALAMBRON P / CLAVOS', '742', '2023-09-19', 0, 0, 'ALAMBRON 5.5', '2023-10-24', 1, '2023-10-24 09:45:26', NULL, NULL, 'AC', 'SI', 3, 'SNPE/ALM/INM-3/2023', '2023-09-18'),
(0, 1, 2023, 'N° 07/2023', 'COMPRA DE ALAMBRON P / CLAVOS', '742', '2023-09-18', 0, 0, 'ALAMBRON 5.5', '2023-10-24', 1, '2023-10-24 09:45:46', NULL, NULL, 'AC', 'SI', 3, 'SNPE/ALM/INM-3/2023', '2023-09-18'),
(0, 1, 2023, 'N° 07/2023', 'COMPRA DE ALAMBRON P / CLAVOS', '742', '2023-09-19', 0, 0, 'ALAMBRON 5.5', '2023-10-24', 1, '2023-10-24 09:46:21', NULL, NULL, 'AC', 'SI', 3, 'SNPE/ALM/INM-3/2023', '2023-09-19'),
(0, 1, 2023, ' 07-2023', 'COMPRA DE ALAMBRON P / CLAVOS', '742', '2023-09-19', 0, 0, 'ALAMBRON 5.5', '2023-10-24', 1, '2023-10-24 09:46:58', NULL, NULL, 'AC', 'SI', 3, 'SNPE/ALM/INM-3/2023', '2023-09-19'),
(0, 1, 2023, ' 07-2023', 'COMPRA DE ALAMBRON P / CLAVOS', '742', '2023-09-19', 0, 0, 'ALAMBRON 5.5', '2023-10-24', 1, '2023-10-24 09:47:12', NULL, NULL, 'AC', 'SI', 3, 'SNPE/ALM/INM-3/2023', '2023-09-19'),
(0, 1, 2023, ' 07-2023', 'COMPRA DE ALAMBRON P / CLAVOS', '742', '2023-09-19', 0, 0, 'ALAMBRON 5.5', '2023-10-24', 1, '2023-10-24 09:47:22', NULL, NULL, 'AC', 'SI', 3, 'SNPE/ALM/INM-3/2023', '2023-09-19'),
(0, 1, 2023, '7', '7', '742', '2023-10-18', 0, 0, 'ALAMBRON 5.5', '2023-10-24', 1, '2023-10-24 09:55:20', NULL, NULL, 'AC', 'SI', 3, 'SNPE/ALM/INM-3/2023', '2023-09-18'),
(0, 1, 2023, '7', '07/2023', '742', '2023-10-18', 0, 0, 'ALAMBRON 5.5', '2023-10-24', 1, '2023-10-24 09:55:52', NULL, NULL, 'AC', 'SI', 3, 'SNPE/ALM/INM-3/2023', '2023-09-18'),
(0, 1, 2023, '07', '07', '742', '2023-10-18', 0, 0, 'ALAMBRON 5.5', '2023-10-24', 1, '2023-10-24 09:57:10', NULL, NULL, 'AC', 'SI', 3, 'SNPE/ALM/INM-3/2023', '2023-09-18'),
(0, 1, 2023, '07', '07', '742', '2023-09-18', 0, 0, 'ALAMBRON 5.5', '2023-10-24', 1, '2023-10-24 09:57:27', NULL, NULL, 'AC', 'SI', 3, 'SNPE/ALM/INM-3/2023', '2023-09-18'),
(0, 1, 2023, '07', '07', '742', '2023-09-18', 0, 0, 'ALAMBRON 5.5', '2023-10-24', 1, '2023-10-24 09:57:41', NULL, NULL, 'AC', 'SI', 3, 'SNPE/ALM/INM-3/2023', '2023-09-18'),
(0, 1, 2023, '07', '07', '742', '2023-09-18', 0, 0, 'ALAMBRON 5.5', '2023-10-24', 1, '2023-10-24 09:57:56', NULL, NULL, 'AC', 'SI', 3, 'SNPE/ALM/INM-3/2023', '2023-09-18'),
(0, 1, 2023, ' 08-2023', 'COMPRA DE ALAMBRON P / CLAVOS', '743', '2023-10-24', 0, 0, 'ALAMBRON 5.5MM', '2023-10-24', 1, '2023-10-24 12:26:51', NULL, NULL, 'ELB', 'SI', 3, 'SNPE/ALM/INM-3/2023', '2023-10-24');

-- --------------------------------------------------------

--
-- Estructura de tabla para la tabla `ingresos_detalle`
--

CREATE TABLE `ingresos_detalle` (
  `id` bigint(20) UNSIGNED NOT NULL,
  `id_entidad` int(11) NOT NULL,
  `id_ingreso` int(11) DEFAULT NULL,
  `id_material` int(11) DEFAULT NULL,
  `cantidad_ingreso` double DEFAULT NULL,
  `precio_unitario` double DEFAULT NULL,
  `precio_total` double DEFAULT NULL,
  `id_funcionario_registro` int(11) DEFAULT NULL,
  `fecha_registro` datetime DEFAULT current_timestamp(),
  `id_funcionario_update` int(11) DEFAULT NULL,
  `fecha_modificacion` datetime DEFAULT NULL,
  `estado` varchar(3) DEFAULT 'ELB',
  `activo` varchar(3) DEFAULT 'SI'
) ENGINE=InnoDB DEFAULT CHARSET=utf8mb4 COLLATE=utf8mb4_general_ci;

--
-- Volcado de datos para la tabla `ingresos_detalle`
--

INSERT INTO `ingresos_detalle` (`id`, `id_entidad`, `id_ingreso`, `id_material`, `cantidad_ingreso`, `precio_unitario`, `precio_total`, `id_funcionario_registro`, `fecha_registro`, `id_funcionario_update`, `fecha_modificacion`, `estado`, `activo`) VALUES
(1, 1, 1, 1, 30, 30, 900, 1, '2023-06-25 12:34:19', NULL, NULL, 'AC', 'SI'),
(2, 0, 2, 2, 50, 3.5, 175, 1, '2023-10-18 22:53:22', NULL, NULL, 'AC', 'SI'),
(3, 0, 2, 1, 20, 35, 700, 1, '2023-10-18 22:53:36', NULL, NULL, 'AC', 'SI');

-- --------------------------------------------------------

--
-- Estructura de tabla para la tabla `inventarios`
--

CREATE TABLE `inventarios` (
  `id` int(20) UNSIGNED NOT NULL,
  `id_entidad` int(11) DEFAULT NULL,
  `gestion` int(11) DEFAULT NULL,
  `id_ingreso` int(11) DEFAULT NULL,
  `id_ingreso_detalle` int(11) DEFAULT NULL,
  `id_salida` int(11) DEFAULT NULL,
  `id_salida_detalle` int(11) DEFAULT NULL,
  `id_material` int(11) DEFAULT NULL,
  `tipo_proceso` text DEFAULT NULL,
  `tipo_ingreso_egreso` text DEFAULT NULL,
  `cantidad_entrada` double DEFAULT NULL,
  `cantidad_salida` double DEFAULT NULL,
  `saldo` double DEFAULT NULL,
  `precio_unitario` double DEFAULT NULL,
  `precio_total` double DEFAULT NULL,
  `fecha` date DEFAULT NULL,
  `id_inventario` int(11) DEFAULT NULL,
  `id_funcionario_solicitante` int(11) DEFAULT NULL,
  `id_funcionario_almacen` int(11) DEFAULT NULL,
  `fecha_registro` datetime DEFAULT current_timestamp(),
  `fecha_modificacion` datetime DEFAULT NULL,
  `estado` varchar(3) DEFAULT 'AC',
  `id_inventario_inicial_ingreso` int(11) DEFAULT NULL,
  `id_inventario_ingresos` int(11) DEFAULT NULL
) ENGINE=InnoDB DEFAULT CHARSET=utf8mb4 COLLATE=utf8mb4_general_ci;

--
-- Volcado de datos para la tabla `inventarios`
--

INSERT INTO `inventarios` (`id`, `id_entidad`, `gestion`, `id_ingreso`, `id_ingreso_detalle`, `id_salida`, `id_salida_detalle`, `id_material`, `tipo_proceso`, `tipo_ingreso_egreso`, `cantidad_entrada`, `cantidad_salida`, `saldo`, `precio_unitario`, `precio_total`, `fecha`, `id_inventario`, `id_funcionario_solicitante`, `id_funcionario_almacen`, `fecha_registro`, `fecha_modificacion`, `estado`, `id_inventario_inicial_ingreso`, `id_inventario_ingresos`) VALUES
(1, 1, 2023, 1, 1, NULL, NULL, 1, 'INGP', NULL, 30, 0, 30, 30, 900, NULL, NULL, NULL, 1, '2023-06-25 12:34:31', NULL, 'HI', 1, NULL),
(2, 1, 2023, NULL, NULL, 1, 1, 1, NULL, 'SOLM', NULL, 5, NULL, 30, 150, NULL, 1, 1, 1, '2023-06-25 12:35:21', NULL, 'AC', 1, 1),
(3, 1, 2023, 1, 1, NULL, NULL, 1, 'INGS', NULL, 30, 5, 25, 30, 750, NULL, 1, 1, 1, '2023-06-25 12:35:21', NULL, 'HI', 1, 1),
(4, 1, 2023, 2, 3, NULL, NULL, 1, 'INGP', NULL, 20, 0, 20, 35, 700, NULL, NULL, NULL, 1, '2023-10-18 22:57:15', NULL, 'AC', 2, NULL),
(5, 1, 2023, 2, 2, NULL, NULL, 2, 'INGP', NULL, 50, 0, 50, 3.5, 175, NULL, NULL, NULL, 1, '2023-10-18 22:57:15', NULL, 'HI', 1, NULL),
(6, 1, 2023, NULL, NULL, 2, 3, 1, NULL, 'SOLM', NULL, 5, NULL, 30, 150, NULL, 3, 1, 1, '2023-10-18 23:42:04', NULL, 'AC', 1, 1),
(7, 1, 2023, 1, 1, NULL, NULL, 1, 'INGS', NULL, 30, 10, 20, 30, 600, NULL, 3, 1, 1, '2023-10-18 23:42:04', NULL, 'AC', 1, 1),
(8, 1, 2023, NULL, NULL, 2, 2, 2, NULL, 'SOLM', NULL, 2, NULL, 3.5, 7, NULL, 5, 1, 1, '2023-10-18 23:42:04', NULL, 'AC', 1, 5),
(9, 1, 2023, 2, 2, NULL, NULL, 2, 'INGS', NULL, 50, 2, 48, 3.5, 168, NULL, 5, 1, 1, '2023-10-18 23:42:04', NULL, 'AC', 1, 5);

-- --------------------------------------------------------

--
-- Estructura de tabla para la tabla `inventarios_resumen`
--

CREATE TABLE `inventarios_resumen` (
  `id` bigint(20) UNSIGNED NOT NULL,
  `id_entidad` int(11) DEFAULT NULL,
  `gestion` int(11) DEFAULT NULL,
  `id_material` int(11) DEFAULT NULL,
  `cantidad_entrada` double DEFAULT NULL,
  `cantidad_salida` double DEFAULT NULL,
  `saldo` double DEFAULT NULL,
  `cantidad_solicitada` double DEFAULT NULL,
  `cantidad_disponible` double DEFAULT NULL,
  `fecha_registro` datetime DEFAULT current_timestamp(),
  `fecha_modificacion` datetime DEFAULT NULL,
  `estado` varchar(3) DEFAULT 'AC'
) ENGINE=InnoDB DEFAULT CHARSET=utf8mb4 COLLATE=utf8mb4_general_ci;

--
-- Volcado de datos para la tabla `inventarios_resumen`
--

INSERT INTO `inventarios_resumen` (`id`, `id_entidad`, `gestion`, `id_material`, `cantidad_entrada`, `cantidad_salida`, `saldo`, `cantidad_solicitada`, `cantidad_disponible`, `fecha_registro`, `fecha_modificacion`, `estado`) VALUES
(1, 1, 2023, 1, 50, 10, 40, 0, 40, '2023-06-25 12:33:14', NULL, 'AC'),
(2, 1, 2023, 2, 50, 2, 48, 40, 8, '2023-10-18 22:51:53', NULL, 'AC');

-- --------------------------------------------------------

--
-- Estructura de tabla para la tabla `materiales`
--

CREATE TABLE `materiales` (
  `id` int(20) UNSIGNED NOT NULL,
  `id_entidad` int(11) DEFAULT NULL,
  `codigo` varchar(10) DEFAULT NULL,
  `descripcion` varchar(500) DEFAULT NULL,
  `id_unidad` int(11) DEFAULT NULL,
  `id_categoria` int(11) DEFAULT NULL,
  `fecha_registro` datetime DEFAULT current_timestamp(),
  `fecha_modificacion` datetime DEFAULT NULL,
  `estado` varchar(2) DEFAULT 'AC',
  `ruta_imagen` text DEFAULT NULL,
  `nombre_imagen` text DEFAULT NULL
) ENGINE=InnoDB DEFAULT CHARSET=utf8mb4 COLLATE=utf8mb4_general_ci;

--
-- Volcado de datos para la tabla `materiales`
--

INSERT INTO `materiales` (`id`, `id_entidad`, `codigo`, `descripcion`, `id_unidad`, `id_categoria`, `fecha_registro`, `fecha_modificacion`, `estado`, `ruta_imagen`, `nombre_imagen`) VALUES
(1, 1, 'PE000001', 'PAPEL BON', 28, 52, '2023-06-25 16:33:14', NULL, 'AC', NULL, NULL),
(2, 1, 'UE000001', 'MICRO PUNTA PILOT', 30, 842, '2023-10-19 04:51:53', NULL, 'AC', NULL, NULL);

-- --------------------------------------------------------

--
-- Estructura Stand-in para la vista `materiales_inventario`
-- (Véase abajo para la vista actual)
--
CREATE TABLE `materiales_inventario` (
`id_material` int(20) unsigned
,`codigo_material` varchar(10)
,`codigo_categoria` varchar(10)
,`descripcion_categoria` varchar(250)
,`descripcion_unidad` varchar(250)
,`descripcion_material` varchar(500)
,`estado` varchar(2)
,`gestion` int(11)
,`saldo` double
,`cantidad_solicitada` double
,`cantidad_disponible` double
);

-- --------------------------------------------------------

--
-- Estructura de tabla para la tabla `modulos`
--

CREATE TABLE `modulos` (
  `id` bigint(20) UNSIGNED NOT NULL,
  `id_aplicacion` int(11) DEFAULT NULL,
  `nombre_modulo` varchar(120) DEFAULT NULL,
  `abreviatura_modulo` varchar(20) DEFAULT NULL,
  `descripcion_modulo` varchar(200) DEFAULT NULL,
  `valor1` varchar(100) DEFAULT NULL,
  `valor2` varchar(100) DEFAULT NULL,
  `valor3` varchar(100) DEFAULT NULL,
  `valor4` varchar(100) DEFAULT NULL,
  `valor5` varchar(100) DEFAULT NULL,
  `valor6` varchar(100) DEFAULT NULL,
  `estado` varchar(2) DEFAULT 'AC'
) ENGINE=InnoDB DEFAULT CHARSET=utf8mb4 COLLATE=utf8mb4_general_ci;

--
-- Volcado de datos para la tabla `modulos`
--

INSERT INTO `modulos` (`id`, `id_aplicacion`, `nombre_modulo`, `abreviatura_modulo`, `descripcion_modulo`, `valor1`, `valor2`, `valor3`, `valor4`, `valor5`, `valor6`, `estado`) VALUES
(1, 1, 'INICIO', 'INI', 'DESPLIEGA INFORMACION DE INICIO', NULL, NULL, NULL, NULL, NULL, NULL, 'AC'),
(2, 1, 'USUARIO', 'USU', 'GESTIÓN PARA LA ADMINISTRACIÓN DE USUARIOS', NULL, NULL, NULL, NULL, NULL, NULL, 'AC'),
(3, 1, 'INGRESO MATERIALES', 'INM', 'PERMITE EL REGISTRO DE INGRESO A ALMACEN', NULL, NULL, NULL, NULL, NULL, NULL, 'AC'),
(4, 1, 'CLASIFICACIONES', 'CLS', 'PERMITE EL REGISTRO DE LA CLASIFIACION DE MATERIALES', NULL, NULL, NULL, NULL, NULL, NULL, 'AC'),
(5, 1, 'CONTROL DE MATERIALES', 'INM', 'PERMITE EL REGISTRO DE CONTROL MATERIALES', NULL, NULL, NULL, NULL, NULL, NULL, 'AC'),
(6, 1, 'SOLICITUD DE MATERIALES', 'SOM', 'PERMITE EL REGISTRO DE SOLICITUD DE MATERIALES', NULL, NULL, NULL, NULL, NULL, NULL, 'AC'),
(7, 1, 'REPORTES', 'REP', 'PERMITE GENEREAR REPORTE DE MATERIALES', NULL, NULL, NULL, NULL, NULL, NULL, 'AC');

-- --------------------------------------------------------

--
-- Estructura de tabla para la tabla `opciones`
--

CREATE TABLE `opciones` (
  `id` bigint(20) UNSIGNED NOT NULL,
  `id_modulo` int(11) DEFAULT NULL,
  `codigo_opciones` int(11) DEFAULT NULL,
  `opcion` varchar(100) DEFAULT NULL,
  `link` varchar(100) DEFAULT NULL,
  `icono` varchar(50) DEFAULT NULL,
  `nivel` int(11) DEFAULT NULL,
  `orden` int(11) DEFAULT NULL,
  `estado` varchar(2) DEFAULT 'AC',
  `id_aplicacion` int(11) DEFAULT NULL
) ENGINE=InnoDB DEFAULT CHARSET=utf8mb4 COLLATE=utf8mb4_general_ci;

--
-- Volcado de datos para la tabla `opciones`
--

INSERT INTO `opciones` (`id`, `id_modulo`, `codigo_opciones`, `opcion`, `link`, `icono`, `nivel`, `orden`, `estado`, `id_aplicacion`) VALUES
(1, 1, 1, 'INICIO', 'Inicio', '', 0, 1, 'AC', 1),
(2, 3, 2, 'INGRESO MATERIALES', '', '', 1, 0, 'AC', 1),
(3, 3, 2, 'REGISTRAR INGRESO', 'Ingreso/Ingreso', '', 2, 1, 'AC', 1),
(4, 3, 2, 'APROBACIÓN DE INGRESO', 'Ingreso/Aprobacion', '', 2, 2, 'AC', 1),
(5, 3, 2, 'REPORTES DE INGRESO', 'Ingreso/Reportes', '', 2, 3, 'AC', 1),
(6, 4, 6, 'CLASIFICACION', '', '', 1, 0, 'AC', 1),
(7, 4, 6, 'CATEGORIAS', 'Clasificacion/Categorias', '', 2, 1, 'AC', 1),
(8, 4, 6, 'UNIDADES DE MEDIDA', 'Clasificacion/Unidades', '', 2, 2, 'AC', 1),
(9, 4, 6, 'CATEGORIAS', 'Clasificacion/Categorias', '', 2, 3, 'AC', 1),
(10, 4, 6, 'MATERIALES', 'Materiales/Materiales', '', 2, 4, 'AC', 1),
(11, 4, 6, 'PROVEEDORES', 'Materiales/Proveedores', '', 2, 5, 'AC', 1),
(12, 6, 12, 'SOLICITUD MATERIALES', '', '', 1, 0, 'AC', 1),
(13, 6, 12, 'SOLICITUD MATERIAL', 'Solicitudes/Solicitudes', '', 2, 1, 'AC', 1),
(14, 6, 12, 'CONFIRMACIÓN PEDIDO <BR> ÁREA / UNIDAD', 'Solicitudes/Confirmar_direccion', '', 2, 2, 'AC', 1),
(15, 6, 12, 'APROBAR SOLICITUDES', 'Solicitudes/Aprobar_solicitud', '', 2, 3, 'AC', 1),
(16, 6, 12, 'AUTORIZAR SOLICITUDES', 'Solicitudes/Autorizar_solicitud', '', 2, 4, 'AC', 1),
(17, 6, 12, 'ENTREGA SOLICITUDES', 'Solicitudes/Entrega_solicitud', '', 2, 5, 'AC', 1),
(18, 6, 12, 'REPORTE ENTREGAS', 'Solicitudes/Reporte_entregas', '', 2, 6, 'AC', 1),
(19, 6, 12, 'RESERVA ALMACEN', 'Solicitudes/Presolicitud_almacen', '', 2, 7, 'AC', 1),
(20, 6, 12, 'HISTORIAL DE SOLICITUDES', 'Solicitudes/Historial', '', 2, 8, 'AC', 1),
(21, 6, 12, 'SEGUIMIENTO SOLICITUDES', 'Solicitudes/Seguimiento_solicitud', '', 2, 9, 'AC', 1),
(22, 7, 22, 'REPORTES', '', '', 1, 0, 'AC', 1),
(23, 7, 22, 'REPORTE INVENTARIO', 'Reportes/Reportes', '', 2, 1, 'AC', 1),
(24, 7, 22, 'ENTRADAS SALIDAS', 'Reportes/IngresosSalidas', '', 2, 2, 'AC', 1),
(25, 7, 22, 'REPORTES MEFP', 'Reportes/ReportesMefp', '', 2, 9, 'AC', 1),
(26, 7, 22, 'RESUMEN VALORADO', 'Reportes/ResumenValorado', '', 2, 9, 'AC', 1),
(27, 2, 27, 'USUARIOS', '', '', 1, 0, 'AN', 1),
(28, 2, 27, 'ADMIN USUARIOS', 'Usuario/Usuarios', '', 2, 1, 'AN', 1);

-- --------------------------------------------------------

--
-- Estructura de tabla para la tabla `proveedores`
--

CREATE TABLE `proveedores` (
  `id` bigint(20) UNSIGNED NOT NULL,
  `id_entidad` int(11) DEFAULT NULL,
  `codigo` varchar(10) DEFAULT NULL,
  `nombre_proveedor` varchar(150) DEFAULT NULL,
  `legal_proveedor` varchar(150) DEFAULT NULL,
  `nit` varchar(150) DEFAULT NULL,
  `correo` varchar(150) DEFAULT NULL,
  `celular` varchar(150) DEFAULT NULL,
  `direccion` varchar(150) DEFAULT NULL,
  `observaciones` varchar(150) DEFAULT NULL,
  `fecha_registro` datetime DEFAULT current_timestamp(),
  `fecha_modificacion` datetime DEFAULT NULL,
  `estado` varchar(2) DEFAULT 'AC'
) ENGINE=InnoDB DEFAULT CHARSET=utf8mb4 COLLATE=utf8mb4_general_ci;

--
-- Volcado de datos para la tabla `proveedores`
--

INSERT INTO `proveedores` (`id`, `id_entidad`, `codigo`, `nombre_proveedor`, `legal_proveedor`, `nit`, `correo`, `celular`, `direccion`, `observaciones`, `fecha_registro`, `fecha_modificacion`, `estado`) VALUES
(1, 1, 'C-1', 'PROVEEDOR INCIAL', 'PROVEEDOR INCIAL ENTIDAD', '12345678', 'incial@gmail.com', '', '', '', '2023-04-17 01:49:56', '2023-04-17 01:51:15', 'AC'),
(2, 1, 'PRO-1', 'DIEGO DAZA', 'DIEGO DAZA', '6703132013', 'aldidacom@gmail.com', '78720504', 'LA PAZ', '', '2023-06-25 16:27:36', NULL, 'AC'),
(3, 1, 'PROV -10', 'FILL COMPANY', 'ANTONIO FUERTES', '134578963045', '', '', 'AV BUSH', 'NINGUNA', '2023-10-19 05:13:27', NULL, 'AC'),
(0, 1, 'ANPE 07/20', '\"ZHEJIANG MINXIN MATERIALES DE  CONSTRUCION SRL \" SUCURSAL ', 'ZHU XIAOMING', '388610020', 'CRSI-AC-DC-@HOTMAIL.COM', '76395500', 'SANTA CRUZ ', '', '2023-10-24 13:32:06', '2023-10-24 13:34:43', 'AC');

-- --------------------------------------------------------

--
-- Estructura de tabla para la tabla `puesto`
--

CREATE TABLE `puesto` (
  `id` bigint(20) UNSIGNED NOT NULL,
  `id_entidad` int(11) NOT NULL,
  `nombre_puesto` varchar(100) DEFAULT NULL,
  `numero_item` int(11) DEFAULT NULL,
  `id_dependencia` int(11) DEFAULT NULL,
  `id_subdependencia` int(11) DEFAULT NULL,
  `tipo_puesto` varchar(3) DEFAULT NULL,
  `fecha_registro` datetime DEFAULT current_timestamp(),
  `fecha_modificacion` datetime DEFAULT NULL,
  `estado` varchar(4) DEFAULT 'ASIG',
  `nivel_dependencia` varchar(3) DEFAULT NULL
) ENGINE=InnoDB DEFAULT CHARSET=utf8mb4 COLLATE=utf8mb4_general_ci;

--
-- Volcado de datos para la tabla `puesto`
--

INSERT INTO `puesto` (`id`, `id_entidad`, `nombre_puesto`, `numero_item`, `id_dependencia`, `id_subdependencia`, `tipo_puesto`, `fecha_registro`, `fecha_modificacion`, `estado`, `nivel_dependencia`) VALUES
(1, 1, 'GERENTE GENERAL', NULL, 1, NULL, 'PLA', '2023-04-16 19:12:08', '2023-04-17 01:10:46', 'ASIG', 'EJE'),
(2, 1, 'JEFE DE LA UNIDAD ADMINISTRATIVA', NULL, 2, 1, 'PLA', '2023-04-16 19:12:08', '2023-04-17 01:10:46', 'ASIG', 'JEF');

-- --------------------------------------------------------

--
-- Estructura de tabla para la tabla `puesto_funcionario`
--

CREATE TABLE `puesto_funcionario` (
  `id` bigint(20) UNSIGNED NOT NULL,
  `id_entidad` int(11) NOT NULL,
  `id_funcionario` int(11) DEFAULT NULL,
  `id_puesto` int(11) DEFAULT NULL,
  `fecha_alta` date DEFAULT NULL,
  `fecha_baja` date DEFAULT NULL,
  `fecha_registro` datetime DEFAULT current_timestamp(),
  `fecha_modificacion` datetime DEFAULT NULL,
  `estado` varchar(2) DEFAULT 'AC'
) ENGINE=InnoDB DEFAULT CHARSET=utf8mb4 COLLATE=utf8mb4_general_ci;

--
-- Volcado de datos para la tabla `puesto_funcionario`
--

INSERT INTO `puesto_funcionario` (`id`, `id_entidad`, `id_funcionario`, `id_puesto`, `fecha_alta`, `fecha_baja`, `fecha_registro`, `fecha_modificacion`, `estado`) VALUES
(1, 1, 1, 2, NULL, NULL, '2023-04-16 19:14:28', '2023-04-17 01:14:18', 'AC');

-- --------------------------------------------------------

--
-- Estructura Stand-in para la vista `saldos_iniciales_gestion`
-- (Véase abajo para la vista actual)
--
CREATE TABLE `saldos_iniciales_gestion` (
`id_material` int(11)
,`gestion` int(11)
,`tipo_proceso` text
,`count` bigint(21)
,`saldo_inicial` double
,`saldo_inicial_valorado` double
);

-- --------------------------------------------------------

--
-- Estructura de tabla para la tabla `solicitudes`
--

CREATE TABLE `solicitudes` (
  `id` bigint(20) UNSIGNED NOT NULL,
  `id_funcionario` int(11) DEFAULT NULL,
  `id_dependencia` int(11) DEFAULT NULL,
  `id_subdependencia` int(11) DEFAULT NULL,
  `id_entidad` int(11) DEFAULT NULL,
  `id_confirmacion_direccion` int(11) DEFAULT NULL,
  `gestion` int(11) DEFAULT NULL,
  `id_material` int(11) DEFAULT NULL,
  `cantidad_solicitada` double DEFAULT NULL,
  `cantidad_autorizada` double DEFAULT NULL,
  `tipo_solicitud` varchar(3) DEFAULT NULL,
  `fecha_registro` datetime DEFAULT current_timestamp(),
  `fecha_autorizacion` datetime DEFAULT NULL,
  `fecha_aprobacion` datetime DEFAULT NULL,
  `fecha_entrega` datetime DEFAULT NULL,
  `fecha_modificacion` datetime DEFAULT NULL,
  `estado` varchar(3) DEFAULT 'PEN',
  `fecha_confirmacion` datetime DEFAULT NULL,
  `id_usuario_rechazo` int(11) DEFAULT NULL
) ENGINE=InnoDB DEFAULT CHARSET=utf8mb4 COLLATE=utf8mb4_general_ci;

--
-- Volcado de datos para la tabla `solicitudes`
--

INSERT INTO `solicitudes` (`id`, `id_funcionario`, `id_dependencia`, `id_subdependencia`, `id_entidad`, `id_confirmacion_direccion`, `gestion`, `id_material`, `cantidad_solicitada`, `cantidad_autorizada`, `tipo_solicitud`, `fecha_registro`, `fecha_autorizacion`, `fecha_aprobacion`, `fecha_entrega`, `fecha_modificacion`, `estado`, `fecha_confirmacion`, `id_usuario_rechazo`) VALUES
(1, 1, 2, 1, 1, 1, 2023, 1, 5, 5, 'NOR', '2023-06-25 12:34:43', NULL, '2023-06-25 04:06:14', '2023-06-25 04:06:21', NULL, 'ENT', '2023-06-25 04:06:00', NULL),
(2, 1, 2, 1, 1, 2, 2023, 2, 2, 2, 'NOR', '2023-10-18 23:20:40', NULL, '2023-10-19 05:10:00', '2023-10-19 05:10:04', NULL, 'ENT', '2023-10-19 05:10:35', NULL),
(3, 1, 2, 1, 1, 2, 2023, 1, 5, 5, 'NOR', '2023-10-18 23:20:52', NULL, '2023-10-19 05:10:00', '2023-10-19 05:10:04', NULL, 'ENT', '2023-10-19 05:10:35', NULL),
(4, 1, 2, 1, 1, NULL, 2023, 2, 40, 40, 'ALM', '2023-10-18 23:51:27', NULL, NULL, NULL, NULL, 'PEN', NULL, NULL);

-- --------------------------------------------------------

--
-- Estructura de tabla para la tabla `solicitud_direccion`
--

CREATE TABLE `solicitud_direccion` (
  `id` bigint(20) UNSIGNED NOT NULL,
  `id_dependencia` int(11) DEFAULT NULL,
  `id_subdependencia` int(11) DEFAULT NULL,
  `id_entidad` int(11) DEFAULT NULL,
  `gestion` int(11) DEFAULT NULL,
  `cantidad` double DEFAULT NULL,
  `cantidad_materiales` double DEFAULT NULL,
  `correlativo` int(11) DEFAULT NULL,
  `cite` text DEFAULT NULL,
  `tipo_solicitud` varchar(3) DEFAULT NULL,
  `id_funcionario_solicitante` int(11) DEFAULT NULL,
  `fecha_registro` datetime DEFAULT current_timestamp(),
  `fecha_aprobacion` datetime DEFAULT NULL,
  `fecha_autorizacion` datetime DEFAULT NULL,
  `fecha_entrega` datetime DEFAULT NULL,
  `fecha_modificacion` datetime DEFAULT NULL,
  `estado` varchar(3) DEFAULT 'CON',
  `id_funcionario_aprobador` int(11) DEFAULT NULL,
  `id_funcionario_autorizador` int(11) DEFAULT NULL,
  `id_funcionario_entregas` int(11) DEFAULT NULL,
  `motivo` text DEFAULT NULL
) ENGINE=InnoDB DEFAULT CHARSET=utf8mb4 COLLATE=utf8mb4_general_ci;

--
-- Volcado de datos para la tabla `solicitud_direccion`
--

INSERT INTO `solicitud_direccion` (`id`, `id_dependencia`, `id_subdependencia`, `id_entidad`, `gestion`, `cantidad`, `cantidad_materiales`, `correlativo`, `cite`, `tipo_solicitud`, `id_funcionario_solicitante`, `fecha_registro`, `fecha_aprobacion`, `fecha_autorizacion`, `fecha_entrega`, `fecha_modificacion`, `estado`, `id_funcionario_aprobador`, `id_funcionario_autorizador`, `id_funcionario_entregas`, `motivo`) VALUES
(1, 2, 1, 1, 2023, 1, 5, 1, 'SICAL/ALM/SOL-1/2023', 'NOR', 1, '2023-06-25 12:35:00', '2023-06-25 04:06:14', NULL, '2023-06-25 04:06:21', NULL, 'ENT', 1, 1, 1, 'PRUEBAS SALIDA'),
(2, 2, 1, 1, 2023, 2, 7, 2, 'SNPE/ALM/SOL-2/2023', 'NOR', 1, '2023-10-18 23:28:35', '2023-10-19 05:10:00', NULL, '2023-10-19 05:10:04', NULL, 'ENT', 1, 1, 1, 'EJEMPLO PRUEBAS');

-- --------------------------------------------------------

--
-- Estructura de tabla para la tabla `subdependencia`
--

CREATE TABLE `subdependencia` (
  `id` bigint(20) UNSIGNED NOT NULL,
  `id_dependencia` int(11) DEFAULT NULL,
  `nombre_subdependencia` text NOT NULL,
  `sigla` varchar(10) DEFAULT NULL,
  `orden` int(11) DEFAULT NULL,
  `id_tipo_subdependencia` int(11) DEFAULT NULL,
  `fecha_registro` datetime DEFAULT current_timestamp(),
  `fecha_modificacion` datetime DEFAULT NULL,
  `estado` varchar(2) DEFAULT NULL
) ENGINE=InnoDB DEFAULT CHARSET=utf8mb4 COLLATE=utf8mb4_general_ci;

--
-- Volcado de datos para la tabla `subdependencia`
--

INSERT INTO `subdependencia` (`id`, `id_dependencia`, `nombre_subdependencia`, `sigla`, `orden`, `id_tipo_subdependencia`, `fecha_registro`, `fecha_modificacion`, `estado`) VALUES
(1, 2, 'UNIDAD ADMINISTRATIVA', 'UA', 1, NULL, '2023-04-16 19:10:34', '2023-04-17 01:10:17', 'AC');

-- --------------------------------------------------------

--
-- Estructura Stand-in para la vista `total_precio_ingreso`
-- (Véase abajo para la vista actual)
--
CREATE TABLE `total_precio_ingreso` (
`id_ingreso` int(11)
,`total_ingreso` double
);

-- --------------------------------------------------------

--
-- Estructura Stand-in para la vista `total_precio_salida`
-- (Véase abajo para la vista actual)
--
CREATE TABLE `total_precio_salida` (
`id_salida` int(11)
,`total_salida` double
);

-- --------------------------------------------------------

--
-- Estructura de tabla para la tabla `unidades_medida`
--

CREATE TABLE `unidades_medida` (
  `id` bigint(20) UNSIGNED NOT NULL,
  `codigo` varchar(10) DEFAULT NULL,
  `descripcion` varchar(250) DEFAULT NULL,
  `valor1` varchar(30) DEFAULT NULL,
  `valor2` varchar(30) DEFAULT NULL,
  `fecha_registro` datetime DEFAULT current_timestamp(),
  `fecha_modificacion` datetime DEFAULT NULL,
  `estado` varchar(2) DEFAULT 'AC'
) ENGINE=InnoDB DEFAULT CHARSET=utf8mb4 COLLATE=utf8mb4_general_ci;

--
-- Volcado de datos para la tabla `unidades_medida`
--

INSERT INTO `unidades_medida` (`id`, `codigo`, `descripcion`, `valor1`, `valor2`, `fecha_registro`, `fecha_modificacion`, `estado`) VALUES
(1, 'BLD', 'BALDE', NULL, NULL, '2023-06-25 12:31:13', NULL, 'AC'),
(2, 'BRA', 'BARRA', NULL, NULL, '2023-06-25 12:31:13', NULL, 'AC'),
(3, 'BID', 'BIDON', NULL, NULL, '2023-06-25 12:31:13', NULL, 'AC'),
(4, 'BLK', 'BLOCK', NULL, NULL, '2023-06-25 12:31:13', NULL, 'AC'),
(5, 'BLS', 'BOLSA', NULL, NULL, '2023-06-25 12:31:13', NULL, 'AC'),
(6, 'BTL', 'BOTELLA', NULL, NULL, '2023-06-25 12:31:13', NULL, 'AC'),
(7, 'CJA', 'CAJA', NULL, NULL, '2023-06-25 12:31:13', NULL, 'AC'),
(8, 'CM', 'CENTIMETRO', NULL, NULL, '2023-06-25 12:31:13', NULL, 'AC'),
(9, 'CNT', 'CINTA', NULL, NULL, '2023-06-25 12:31:13', NULL, 'AC'),
(10, 'CUB', 'CUBO', NULL, NULL, '2023-06-25 12:31:13', NULL, 'AC'),
(11, 'DOC', 'DOCENA', NULL, NULL, '2023-06-25 12:31:13', NULL, 'AC'),
(12, 'EJM', 'EJEMPLAR', NULL, NULL, '2023-06-25 12:31:13', NULL, 'AC'),
(13, 'FA', 'FANEGA', NULL, NULL, '2023-06-25 12:31:13', NULL, 'AC'),
(14, 'FRS', 'FRASCO', NULL, NULL, '2023-06-25 12:31:13', NULL, 'AC'),
(15, 'GLN', 'GALON', NULL, NULL, '2023-06-25 12:31:13', NULL, 'AC'),
(16, 'GRG', 'GRAGEA', NULL, NULL, '2023-06-25 12:31:13', NULL, 'AC'),
(17, 'HJA', 'HOJA', NULL, NULL, '2023-06-25 12:31:13', NULL, 'AC'),
(18, 'JGO', 'JUEGO', NULL, NULL, '2023-06-25 12:31:13', NULL, 'AC'),
(19, 'KLO', 'KILO', NULL, NULL, '2023-06-25 12:31:13', NULL, 'AC'),
(20, 'KG', 'KILOGRAMO', NULL, NULL, '2023-06-25 12:31:13', NULL, 'AC'),
(21, 'LAM', 'LAMINA', NULL, NULL, '2023-06-25 12:31:13', NULL, 'AC'),
(22, 'LTA', 'LATA', NULL, NULL, '2023-06-25 12:31:13', NULL, 'AC'),
(23, 'LB', 'LIBRA', NULL, NULL, '2023-06-25 12:31:13', NULL, 'AC'),
(24, 'LTR', 'LITRO', NULL, NULL, '2023-06-25 12:31:13', NULL, 'AC'),
(25, 'MTR', 'METRO', NULL, NULL, '2023-06-25 12:31:13', NULL, 'AC'),
(26, 'MTR', 'METRO CUADRADO', NULL, NULL, '2023-06-25 12:31:13', NULL, 'AC'),
(27, 'OVL', 'OVILLO', NULL, NULL, '2023-06-25 12:31:13', NULL, 'AC'),
(28, 'PQT', 'PAQUETE', NULL, NULL, '2023-06-25 12:31:13', NULL, 'AC'),
(29, 'PAR', 'PAR', NULL, NULL, '2023-06-25 12:31:13', NULL, 'AC'),
(30, 'PZA', 'PIEZA', NULL, NULL, '2023-06-25 12:31:13', NULL, 'AC'),
(31, 'PLG', 'PLIEGO', NULL, NULL, '2023-06-25 12:31:13', NULL, 'AC'),
(32, 'RMA', 'RESMA', NULL, NULL, '2023-06-25 12:31:13', NULL, 'AC'),
(33, 'RDL', 'RODILLO', NULL, NULL, '2023-06-25 12:31:13', NULL, 'AC'),
(34, 'RLO', 'ROLLO', NULL, NULL, '2023-06-25 12:31:13', NULL, 'AC'),
(35, 'SOB', 'SOBRE', NULL, NULL, '2023-06-25 12:31:13', NULL, 'AC'),
(36, 'TCO', 'TACO', NULL, NULL, '2023-06-25 12:31:13', NULL, 'AC'),
(37, 'TMB', 'TAMBOR', NULL, NULL, '2023-06-25 12:31:13', NULL, 'AC'),
(38, 'TBO', 'TUBO', NULL, NULL, '2023-06-25 12:31:13', NULL, 'AC'),
(39, 'UND', 'UNIDAD', NULL, NULL, '2023-06-25 12:31:13', NULL, 'AC');

-- --------------------------------------------------------

--
-- Estructura de tabla para la tabla `usuarios`
--

CREATE TABLE `usuarios` (
  `id` bigint(20) UNSIGNED NOT NULL,
  `id_persona` int(11) DEFAULT NULL,
  `id_entidad` int(11) DEFAULT NULL,
  `login` varchar(20) DEFAULT NULL,
  `password` varchar(150) DEFAULT NULL,
  `tipo_usuario` varchar(50) DEFAULT NULL,
  `fecha_alta` datetime DEFAULT current_timestamp(),
  `fecha_modificacion` datetime DEFAULT NULL,
  `estado` varchar(2) DEFAULT 'EX',
  `fecha_expiracion` date DEFAULT NULL
) ENGINE=InnoDB DEFAULT CHARSET=utf8mb4 COLLATE=utf8mb4_general_ci;

--
-- Volcado de datos para la tabla `usuarios`
--

INSERT INTO `usuarios` (`id`, `id_persona`, `id_entidad`, `login`, `password`, `tipo_usuario`, `fecha_alta`, `fecha_modificacion`, `estado`, `fecha_expiracion`) VALUES
(1, 1, 1, 'dulfreda.largo', 'eb5a790b34e06e2ce3346fa2ca5d6abb', 'ADM', '2023-04-16 18:33:36', '2023-04-17 00:32:53', 'AC', NULL),
(2, 2, 2, 'dulfreda.largo2', 'eb5a790b34e06e2ce3346fa2ca5d6abb', 'ADM', '2023-04-16 18:33:36', '2023-04-17 00:32:53', 'AC', NULL);

-- --------------------------------------------------------

--
-- Estructura de tabla para la tabla `usuarios_opciones`
--

CREATE TABLE `usuarios_opciones` (
  `id` bigint(20) UNSIGNED NOT NULL,
  `id_opcion` int(11) DEFAULT NULL,
  `id_usuario` int(11) DEFAULT NULL,
  `tipo_opcion` varchar(3) DEFAULT 'ROL',
  `fecha_alta` datetime DEFAULT current_timestamp(),
  `fecha_modificacion` datetime DEFAULT NULL,
  `estado` varchar(2) DEFAULT 'AC'
) ENGINE=InnoDB DEFAULT CHARSET=utf8mb4 COLLATE=utf8mb4_general_ci;

--
-- Volcado de datos para la tabla `usuarios_opciones`
--

INSERT INTO `usuarios_opciones` (`id`, `id_opcion`, `id_usuario`, `tipo_opcion`, `fecha_alta`, `fecha_modificacion`, `estado`) VALUES
(1, 1, 1, 'ROL', '2023-04-16 19:40:40', NULL, 'AC'),
(2, 2, 1, 'ROL', '2023-04-16 19:40:40', NULL, 'AC'),
(3, 3, 1, 'ROL', '2023-04-16 19:40:40', NULL, 'AC'),
(4, 4, 1, 'ROL', '2023-04-16 19:40:40', NULL, 'AC'),
(5, 5, 1, 'ROL', '2023-04-16 19:40:40', NULL, 'AC'),
(6, 6, 1, 'ROL', '2023-04-16 19:40:40', NULL, 'AC'),
(7, 7, 1, 'ROL', '2023-04-16 19:40:40', NULL, 'AC'),
(8, 8, 1, 'ROL', '2023-04-16 19:40:40', NULL, 'AC'),
(9, 9, 1, 'ROL', '2023-04-16 19:40:40', NULL, 'AC'),
(10, 10, 1, 'ROL', '2023-04-16 19:40:40', NULL, 'AC'),
(11, 11, 1, 'ROL', '2023-04-16 19:40:40', NULL, 'AC'),
(12, 12, 1, 'ROL', '2023-04-16 19:40:40', NULL, 'AC'),
(13, 13, 1, 'ROL', '2023-04-16 19:40:40', NULL, 'AC'),
(14, 14, 1, 'ROL', '2023-04-16 19:40:40', NULL, 'AC'),
(15, 15, 1, 'ROL', '2023-04-16 19:40:40', NULL, 'AC'),
(16, 16, 1, 'ROL', '2023-04-16 19:40:40', NULL, 'AC'),
(17, 17, 1, 'ROL', '2023-04-16 19:40:40', NULL, 'AC'),
(18, 18, 1, 'ROL', '2023-04-16 19:40:40', NULL, 'AC'),
(19, 19, 1, 'ROL', '2023-04-16 19:40:40', NULL, 'AC'),
(20, 20, 1, 'ROL', '2023-04-16 19:40:40', NULL, 'AC'),
(21, 21, 1, 'ROL', '2023-04-16 19:40:40', NULL, 'AC'),
(22, 22, 1, 'ROL', '2023-04-16 19:40:40', NULL, 'AC'),
(23, 23, 1, 'ROL', '2023-04-16 19:40:40', NULL, 'AC'),
(24, 24, 1, 'ROL', '2023-04-16 19:40:40', NULL, 'AC'),
(25, 25, 1, 'ROL', '2023-04-16 19:40:40', NULL, 'AC'),
(26, 26, 1, 'ROL', '2023-04-16 19:40:40', NULL, 'AC'),
(27, 27, 1, 'ROL', '2023-04-16 19:40:40', NULL, 'AC'),
(28, 28, 1, 'ROL', '2023-04-16 19:40:40', NULL, 'AC');

-- --------------------------------------------------------

--
-- Estructura para la vista `materiales_inventario`
--
DROP TABLE IF EXISTS `materiales_inventario`;

CREATE ALGORITHM=UNDEFINED DEFINER=`aldidacom`@`localhost` SQL SECURITY DEFINER VIEW `materiales_inventario`  AS SELECT `m`.`id` AS `id_material`, `m`.`codigo` AS `codigo_material`, `c`.`codigo` AS `codigo_categoria`, `c`.`descripcion` AS `descripcion_categoria`, `u`.`descripcion` AS `descripcion_unidad`, `m`.`descripcion` AS `descripcion_material`, `m`.`estado` AS `estado`, `i`.`gestion` AS `gestion`, `i`.`saldo` AS `saldo`, `i`.`cantidad_solicitada` AS `cantidad_solicitada`, `i`.`cantidad_disponible` AS `cantidad_disponible` FROM (((`materiales` `m` join `categorias` `c`) join `unidades_medida` `u`) join `inventarios_resumen` `i`) WHERE `m`.`id_categoria` = `c`.`id` AND `m`.`id_unidad` = `u`.`id` AND `i`.`id_material` = `m`.`id` ORDER BY `i`.`saldo` DESC ;

-- --------------------------------------------------------

--
-- Estructura para la vista `saldos_iniciales_gestion`
--
DROP TABLE IF EXISTS `saldos_iniciales_gestion`;

CREATE ALGORITHM=UNDEFINED DEFINER=`aldidacom`@`localhost` SQL SECURITY DEFINER VIEW `saldos_iniciales_gestion`  AS SELECT `i`.`id_material` AS `id_material`, `i`.`gestion` AS `gestion`, `i`.`tipo_proceso` AS `tipo_proceso`, count(0) AS `count`, sum(`i`.`cantidad_entrada`) AS `saldo_inicial`, sum(`i`.`precio_total`) AS `saldo_inicial_valorado` FROM `inventarios` AS `i` WHERE 1 = 1 AND `i`.`tipo_proceso` = 'INGI' GROUP BY `i`.`id_material`, `i`.`gestion`, `i`.`tipo_proceso` ;

-- --------------------------------------------------------

--
-- Estructura para la vista `total_precio_ingreso`
--
DROP TABLE IF EXISTS `total_precio_ingreso`;

CREATE ALGORITHM=UNDEFINED DEFINER=`aldidacom`@`localhost` SQL SECURITY DEFINER VIEW `total_precio_ingreso`  AS SELECT `inventarios`.`id_ingreso` AS `id_ingreso`, sum(`inventarios`.`precio_total`) AS `total_ingreso` FROM `inventarios` WHERE 1 = 1 AND `inventarios`.`tipo_proceso` in ('INGI','INGP') AND `inventarios`.`estado` in ('AC','HI') GROUP BY `inventarios`.`id_ingreso` ;

-- --------------------------------------------------------

--
-- Estructura para la vista `total_precio_salida`
--
DROP TABLE IF EXISTS `total_precio_salida`;

CREATE ALGORITHM=UNDEFINED DEFINER=`aldidacom`@`localhost` SQL SECURITY DEFINER VIEW `total_precio_salida`  AS SELECT `inventarios`.`id_salida` AS `id_salida`, sum(`inventarios`.`precio_total`) AS `total_salida` FROM `inventarios` WHERE 1 = 1 AND `inventarios`.`tipo_ingreso_egreso` = 'SOLM' AND `inventarios`.`estado` = 'AC' GROUP BY `inventarios`.`id_salida` ;

--
-- Índices para tablas volcadas
--

--
-- Indices de la tabla `categorias`
--
ALTER TABLE `categorias`
  ADD PRIMARY KEY (`id`);

--
-- AUTO_INCREMENT de las tablas volcadas
--

--
-- AUTO_INCREMENT de la tabla `categorias`
--
ALTER TABLE `categorias`
  MODIFY `id` bigint(20) UNSIGNED NOT NULL AUTO_INCREMENT, AUTO_INCREMENT=1055;
COMMIT;

/*!40101 SET CHARACTER_SET_CLIENT=@OLD_CHARACTER_SET_CLIENT */;
/*!40101 SET CHARACTER_SET_RESULTS=@OLD_CHARACTER_SET_RESULTS */;
/*!40101 SET COLLATION_CONNECTION=@OLD_COLLATION_CONNECTION */;
